ID,Vehicles
20170701001,61.34
20170701011,57.72
20170701021,43.87
20170701031,38.21
20170701041,33.665
20170701051,32.12
20170701061,32.3
20170701071,35.82
20170701081,41.97
20170701091,45.665
20170701101,55.805
20170701111,57.74
20170701121,56.545
20170701131,56.045
20170701141,55.575
20170701151,54.59
20170701161,51.685
20170701171,51.745
20170701181,56.825
20170701191,59.56
20170701201,62.07
20170701211,60.305
20170701221,59.565
20170701231,57.8
20170702001,46.325
20170702011,41.3
20170702021,33.68
20170702031,31.35
20170702041,27.275
20170702051,26.455
20170702061,27.65
20170702071,30.375
20170702081,31.855
20170702091,37.505
20170702101,49.56
20170702111,52.685
20170702121,53.12
20170702131,51.345
20170702141,49.77
20170702151,48.325
20170702161,49.25
20170702171,51.045
20170702181,59.705
20170702191,61.05
20170702201,63.57
20170702211,63.055
20170702221,64.565
20170702231,61.985
20170703001,55.405
20170703011,47.085
20170703021,37.775
20170703031,35.7
20170703041,33.76
20170703051,33.03
20170703061,37.615
20170703071,44.82
20170703081,49.895
20170703091,56.435
20170703101,80.44
20170703111,92.79
20170703121,93.655
20170703131,90.895
20170703141,94.215
20170703151,94.605
20170703161,89.12
20170703171,85.915
20170703181,90.91
20170703191,95.105
20170703201,92.14
20170703211,86.93
20170703221,85.01
20170703231,81.55
20170704001,69.35
20170704011,65.555
20170704021,51.27
20170704031,45.075
20170704041,41.87
20170704051,40.505
20170704061,43.07
20170704071,47.16
20170704081,55.13
20170704091,59.74
20170704101,88.9
20170704111,99.525
20170704121,100.39
20170704131,101.245
20170704141,104.24
20170704151,107.63
20170704161,109.95
20170704171,113.635
20170704181,117.48
20170704191,118.73
20170704201,113.735
20170704211,102.0
20170704221,95.675
20170704231,90.785
20170705001,79.45
20170705011,70.675
20170705021,57.285
20170705031,49.335
20170705041,44.215
20170705051,43.71
20170705061,47.73
20170705071,51.15
20170705081,58.395
20170705091,69.085
20170705101,88.36
20170705111,100.44
20170705121,102.255
20170705131,98.26
20170705141,99.605
20170705151,101.05
20170705161,97.83
20170705171,95.45
20170705181,97.04
20170705191,98.315
20170705201,96.395
20170705211,91.515
20170705221,88.8
20170705231,83.83
20170706001,76.435
20170706011,63.4
20170706021,52.075
20170706031,44.895
20170706041,42.645
20170706051,42.465
20170706061,45.04
20170706071,48.25
20170706081,52.88
20170706091,60.805
20170706101,96.29
20170706111,106.155
20170706121,106.63
20170706131,96.615
20170706141,98.11
20170706151,101.52
20170706161,99.27
20170706171,97.815
20170706181,100.53
20170706191,103.335
20170706201,101.765
20170706211,91.97
20170706221,85.11
20170706231,84.11
20170707001,73.835
20170707011,63.425
20170707021,52.885
20170707031,45.21
20170707041,39.535
20170707051,38.59
20170707061,42.83
20170707071,49.135
20170707081,52.8
20170707091,62.43
20170707101,85.84
20170707111,95.735
20170707121,97.26
20170707131,92.665
20170707141,95.07
20170707151,94.76
20170707161,90.325
20170707171,86.99
20170707181,90.595
20170707191,92.085
20170707201,91.675
20170707211,82.51
20170707221,78.9
20170707231,75.69
20170708001,62.93
20170708011,57.41
20170708021,43.63
20170708031,36.525
20170708041,33.0
20170708051,30.51
20170708061,30.545
20170708071,33.155
20170708081,39.415
20170708091,42.2
20170708101,52.245
20170708111,56.485
20170708121,55.895
20170708131,55.48
20170708141,54.5
20170708151,51.665
20170708161,51.735
20170708171,53.59
20170708181,55.405
20170708191,58.875
20170708201,62.55
20170708211,59.34
20170708221,59.615
20170708231,58.545
20170709001,49.13
20170709011,41.03
20170709021,33.71
20170709031,32.135
20170709041,26.06
20170709051,25.73
20170709061,26.87
20170709071,29.975
20170709081,34.88
20170709091,39.135
20170709101,49.045
20170709111,51.68
20170709121,54.03
20170709131,51.79
20170709141,49.445
20170709151,49.03
20170709161,50.79
20170709171,51.29
20170709181,60.37
20170709191,65.74
20170709201,69.725
20170709211,67.295
20170709221,66.375
20170709231,65.265
20170710001,56.025
20170710011,47.175
20170710021,38.345
20170710031,37.72
20170710041,33.28
20170710051,32.89
20170710061,38.24
20170710071,45.415
20170710081,51.63
20170710091,59.23
20170710101,85.275
20170710111,104.055
20170710121,104.505
20170710131,99.86
20170710141,105.055
20170710151,107.735
20170710161,104.06
20170710171,101.445
20170710181,104.25
20170710191,107.56
20170710201,102.265
20170710211,95.89
20170710221,89.535
20170710231,84.0
20170711001,70.98
20170711011,68.895
20170711021,55.375
20170711031,47.255
20170711041,43.27
20170711051,42.34
20170711061,45.855
20170711071,50.205
20170711081,54.615
20170711091,59.555
20170711101,96.615
20170711111,106.43
20170711121,106.705
20170711131,105.329
20170711141,102.29899999999999
20170711151,101.839
20170711161,102.359
20170711171,103.14399999999999
20170711181,110.32
20170711191,110.0
20170711201,107.025
20170711211,97.465
20170711221,93.825
20170711231,90.7
20170712001,78.915
20170712011,69.08
20170712021,53.765
20170712031,46.765
20170712041,40.95
20170712051,42.355
20170712061,46.195
20170712071,50.985
20170712081,56.71
20170712091,66.015
20170712101,90.785
20170712111,103.41
20170712121,105.785
20170712131,97.255
20170712141,98.945
20170712151,103.36
20170712161,101.18
20170712171,100.17
20170712181,106.88
20170712191,104.865
20170712201,100.65
20170712211,93.87
20170712221,89.525
20170712231,85.335
20170713001,77.165
20170713011,64.815
20170713021,51.23
20170713031,45.91
20170713041,41.135
20170713051,40.615
20170713061,43.73
20170713071,47.305
20170713081,51.39
20170713091,62.48
20170713101,90.105
20170713111,108.185
20170713121,109.115
20170713131,98.285
20170713141,100.635
20170713151,99.875
20170713161,95.595
20170713171,95.88
20170713181,97.815
20170713191,101.725
20170713201,100.985
20170713211,91.395
20170713221,85.69
20170713231,84.275
20170714001,76.045
20170714011,63.625
20170714021,53.575
20170714031,45.865
20170714041,39.7
20170714051,38.51
20170714061,41.435
20170714071,46.52
20170714081,52.27
20170714091,63.87
20170714101,85.205
20170714111,96.81
20170714121,97.32
20170714131,92.835
20170714141,94.54
20170714151,95.39
20170714161,95.27
20170714171,90.675
20170714181,96.39
20170714191,94.61
20170714201,95.11
20170714211,82.59
20170714221,78.365
20170714231,72.95
20170715001,63.93
20170715011,54.355
20170715021,43.205
20170715031,35.985
20170715041,32.265
20170715051,29.805
20170715061,29.635
20170715071,31.51
20170715081,37.525
20170715091,42.205
20170715101,51.87
20170715111,53.735
20170715121,53.27
20170715131,52.66
20170715141,52.05
20170715151,53.52
20170715161,53.475
20170715171,51.61
20170715181,53.95
20170715191,61.59
20170715201,63.39
20170715211,60.875
20170715221,59.87
20170715231,59.35
20170716001,47.47
20170716011,40.765
20170716021,33.765
20170716031,31.16
20170716041,26.085
20170716051,24.645
20170716061,24.57
20170716071,28.04
20170716081,33.365
20170716091,37.2
20170716101,47.485
20170716111,48.89
20170716121,50.825
20170716131,48.755
20170716141,47.19
20170716151,46.96
20170716161,48.305
20170716171,50.385
20170716181,53.195
20170716191,57.42
20170716201,59.66
20170716211,57.16
20170716221,59.22
20170716231,58.29
20170717001,53.76
20170717011,42.97
20170717021,37.345
20170717031,34.91
20170717041,30.68
20170717051,32.245
20170717061,37.37
20170717071,46.57
20170717081,51.425
20170717091,58.965
20170717101,87.91
20170717111,106.535
20170717121,107.905
20170717131,103.84
20170717141,108.535
20170717151,108.275
20170717161,107.555
20170717171,105.23
20170717181,106.05
20170717191,108.74
20170717201,104.555
20170717211,94.63
20170717221,89.185
20170717231,85.195
20170718001,73.12
20170718011,68.285
20170718021,54.2
20170718031,46.735
20170718041,41.115
20170718051,40.0
20170718061,42.1
20170718071,47.96
20170718081,54.475
20170718091,60.65
20170718101,91.575
20170718111,103.055
20170718121,106.16
20170718131,105.03399999999999
20170718141,103.234
20170718151,103.374
20170718161,99.679
20170718171,102.104
20170718181,108.245
20170718191,108.22
20170718201,107.37
20170718211,100.355
20170718221,94.845
20170718231,93.6
20170719001,79.03
20170719011,67.015
20170719021,52.385
20170719031,45.585
20170719041,40.545
20170719051,40.22
20170719061,42.79
20170719071,48.845
20170719081,56.595
20170719091,66.165
20170719101,89.715
20170719111,101.06
20170719121,105.59
20170719131,101.74
20170719141,102.65
20170719151,101.09
20170719161,99.76
20170719171,100.24
20170719181,104.075
20170719191,105.925
20170719201,103.52
20170719211,95.405
20170719221,90.34
20170719231,86.5
20170720001,75.585
20170720011,63.82
20170720021,52.525
20170720031,44.87
20170720041,40.57
20170720051,38.69
20170720061,42.795
20170720071,48.0
20170720081,53.17
20170720091,65.415
20170720101,97.71
20170720111,110.47
20170720121,112.91
20170720131,104.04
20170720141,109.185
20170720151,107.455
20170720161,102.35
20170720171,101.77
20170720181,105.355
20170720191,107.615
20170720201,105.78
20170720211,96.24
20170720221,90.565
20170720231,88.69
20170721001,75.325
20170721011,62.045
20170721021,50.6
20170721031,42.785
20170721041,37.93
20170721051,37.455
20170721061,39.92
20170721071,45.94
20170721081,55.965
20170721091,65.62
20170721101,88.545
20170721111,95.03
20170721121,98.09
20170721131,92.855
20170721141,95.985
20170721151,94.89
20170721161,90.215
20170721171,89.315
20170721181,93.005
20170721191,95.405
20170721201,94.07
20170721211,85.98
20170721221,79.175
20170721231,76.7
20170722001,62.685
20170722011,54.205
20170722021,44.93
20170722031,38.89
20170722041,33.685
20170722051,30.185
20170722061,32.06
20170722071,34.045
20170722081,38.01
20170722091,43.635
20170722101,52.245
20170722111,55.425
20170722121,55.545
20170722131,53.475
20170722141,54.25
20170722151,55.54
20170722161,56.16
20170722171,54.85
20170722181,56.715
20170722191,61.43
20170722201,62.645
20170722211,62.85
20170722221,61.715
20170722231,61.175
20170723001,49.595
20170723011,42.235
20170723021,33.24
20170723031,31.575
20170723041,28.17
20170723051,27.645
20170723061,28.165
20170723071,30.685
20170723081,35.38
20170723091,39.535
20170723101,52.365
20170723111,55.085
20170723121,56.705
20170723131,55.72
20170723141,53.68
20170723151,53.03
20170723161,53.535
20170723171,54.48
20170723181,58.415
20170723191,61.22
20170723201,63.005
20170723211,61.745
20170723221,62.735
20170723231,61.72
20170724001,56.545
20170724011,48.475
20170724021,40.0
20170724031,37.635
20170724041,33.495
20170724051,33.1
20170724061,37.655
20170724071,46.435
20170724081,53.52
20170724091,62.885
20170724101,80.505
20170724111,92.015
20170724121,95.64
20170724131,92.48
20170724141,97.11
20170724151,97.08
20170724161,95.935
20170724171,96.785
20170724181,104.795
20170724191,107.605
20170724201,105.6
20170724211,101.595
20170724221,93.435
20170724231,89.61
20170725001,78.625
20170725011,69.75
20170725021,58.635
20170725031,49.065
20170725041,43.555
20170725051,41.78
20170725061,44.075
20170725071,49.83
20170725081,55.465
20170725091,62.805
20170725101,92.635
20170725111,111.175
20170725121,112.485
20170725131,106.755
20170725141,109.53
20170725151,109.835
20170725161,106.715
20170725171,107.545
20170725181,113.73
20170725191,115.095
20170725201,113.08
20170725211,106.405
20170725221,98.045
20170725231,95.945
20170726001,82.605
20170726011,67.675
20170726021,53.655
20170726031,49.125
20170726041,43.295
20170726051,40.795
20170726061,43.21
20170726071,49.995
20170726081,57.675
20170726091,66.235
20170726101,89.155
20170726111,101.91
20170726121,103.145
20170726131,101.69
20170726141,106.33
20170726151,107.01
20170726161,100.7
20170726171,100.485
20170726181,106.235
20170726191,111.885
20170726201,107.015
20170726211,98.2
20170726221,92.295
20170726231,88.225
20170727001,77.72
20170727011,65.535
20170727021,55.565
20170727031,46.36
20170727041,42.355
20170727051,39.705
20170727061,44.035
20170727071,47.48
20170727081,53.835
20170727091,64.65
20170727101,98.645
20170727111,108.545
20170727121,110.36
20170727131,103.47
20170727141,107.165
20170727151,108.23
20170727161,104.335
20170727171,104.91
20170727181,107.88
20170727191,107.625
20170727201,105.695
20170727211,97.95
20170727221,93.605
20170727231,91.475
20170728001,79.655
20170728011,65.49
20170728021,53.855
20170728031,46.66
20170728041,42.13
20170728051,39.415
20170728061,42.15
20170728071,47.76
20170728081,54.705
20170728091,64.22
20170728101,87.49
20170728111,98.635
20170728121,99.03
20170728131,94.275
20170728141,99.865
20170728151,100.65
20170728161,95.54
20170728171,93.055
20170728181,97.415
20170728191,103.05
20170728201,98.805
20170728211,90.34
20170728221,83.125
20170728231,80.685
20170729001,63.685
20170729011,56.71
20170729021,44.53
20170729031,39.25
20170729041,32.955
20170729051,29.68
20170729061,31.66
20170729071,33.055
20170729081,38.255
20170729091,43.035
20170729101,59.91
20170729111,64.51
20170729121,63.41
20170729131,59.565
20170729141,57.76
20170729151,57.525
20170729161,58.035
20170729171,58.25
20170729181,59.82
20170729191,64.475
20170729201,65.0
20170729211,62.705
20170729221,61.58
20170729231,59.735
20170730001,51.405
20170730011,42.615
20170730021,34.065
20170730031,32.44
20170730041,29.825
20170730051,27.385
20170730061,28.555
20170730071,30.785
20170730081,36.465
20170730091,41.0
20170730101,51.04
20170730111,53.925
20170730121,55.165
20170730131,54.66
20170730141,53.445
20170730151,52.32
20170730161,53.06
20170730171,52.605
20170730181,57.44
20170730191,60.755
20170730201,62.375
20170730211,60.95
20170730221,62.02
20170730231,61.735
20170731001,56.95
20170731011,50.175
20170731021,43.825
20170731031,41.3
20170731041,37.875
20170731051,37.015
20170731061,40.105
20170731071,46.34
20170731081,53.655
20170731091,62.545
20170731101,82.75
20170731111,93.015
20170731121,95.91
20170731131,91.13
20170731141,95.86
20170731151,96.01
20170731161,94.91
20170731171,95.075
20170731181,102.45
20170731191,104.515
20170731201,101.345
20170731211,96.06
20170731221,91.035
20170731231,87.165
20170801001,66.36
20170801011,63.29
20170801021,49.63
20170801031,44.285
20170801041,40.75
20170801051,39.355
20170801061,43.08
20170801071,47.375
20170801081,53.92
20170801091,58.98
20170801101,88.0
20170801111,98.575
20170801121,100.23
20170801131,99.53
20170801141,102.985
20170801151,106.205
20170801161,107.825
20170801171,111.065
20170801181,115.22
20170801191,117.39
20170801201,112.14
20170801211,101.52
20170801221,95.345
20170801231,90.035
20170802001,78.57
20170802011,68.805
20170802021,56.615
20170802031,48.545
20170802041,43.4
20170802051,42.49
20170802061,46.295
20170802071,50.62
20170802081,57.21
20170802091,66.185
20170802101,85.34
20170802111,97.115
20170802121,99.67
20170802131,95.15
20170802141,97.64
20170802151,98.665
20170802161,95.06
20170802171,92.065
20170802181,94.5
20170802191,97.0
20170802201,96.325
20170802211,91.475
20170802221,87.225
20170802231,82.925
20170803001,74.64
20170803011,62.665
20170803021,53.62
20170803031,45.46
20170803041,41.965
20170803051,40.205
20170803061,42.665
20170803071,47.445
20170803081,51.835
20170803091,60.67
20170803101,89.515
20170803111,103.5
20170803121,104.695
20170803131,95.83
20170803141,98.605
20170803151,101.385
20170803161,103.125
20170803171,101.88
20170803181,101.97
20170803191,103.35
20170803201,100.475
20170803211,92.755
20170803221,85.475
20170803231,83.205
20170804001,72.505
20170804011,62.295
20170804021,51.93
20170804031,44.625
20170804041,38.535
20170804051,37.77
20170804061,42.515
20170804071,49.315
20170804081,51.35
20170804091,60.365
20170804101,81.205
20170804111,90.085
20170804121,92.355
20170804131,90.625
20170804141,92.495
20170804151,91.26
20170804161,86.21
20170804171,83.525
20170804181,87.355
20170804191,90.355
20170804201,90.075
20170804211,82.7
20170804221,79.05
20170804231,76.625
20170805001,61.545
20170805011,57.565
20170805021,44.52
20170805031,37.42
20170805041,33.47
20170805051,32.355
20170805061,32.315
20170805071,34.63
20170805081,41.3
20170805091,44.91
20170805101,53.965
20170805111,56.82
20170805121,55.765
20170805131,54.985
20170805141,54.295
20170805151,53.395
20170805161,50.74
20170805171,50.56
20170805181,55.675
20170805191,57.155
20170805201,60.395
20170805211,58.265
20170805221,57.13
20170805231,56.03
20170806001,45.34
20170806011,38.95
20170806021,33.075
20170806031,30.545
20170806041,26.35
20170806051,25.8
20170806061,27.01
20170806071,29.765
20170806081,32.625
20170806091,39.385
20170806101,48.98
20170806111,51.73
20170806121,52.495
20170806131,50.74
20170806141,49.215
20170806151,48.37
20170806161,49.265
20170806171,50.165
20170806181,56.87
20170806191,59.815
20170806201,61.62
20170806211,61.25
20170806221,62.215
20170806231,59.715
20170807001,54.785
20170807011,46.67
20170807021,38.28
20170807031,37.035
20170807041,33.955
20170807051,33.505
20170807061,39.025
20170807071,45.69
20170807081,51.575
20170807091,60.255
20170807101,82.69
20170807111,95.995
20170807121,96.09
20170807131,92.395
20170807141,96.195
20170807151,98.025
20170807161,93.16
20170807171,90.685
20170807181,94.07
20170807191,96.635
20170807201,92.97
20170807211,87.9
20170807221,86.71
20170807231,82.145
20170808001,70.27
20170808011,67.635
20170808021,53.535
20170808031,46.32
20170808041,43.455
20170808051,41.765
20170808061,44.035
20170808071,48.5
20170808081,56.105
20170808091,60.81
20170808101,94.5
20170808111,104.655
20170808121,105.455
20170808131,104.695
20170808141,106.68
20170808151,110.015
20170808161,113.555
20170808171,117.98
20170808181,123.355
20170808191,122.86
20170808201,117.015
20170808211,103.875
20170808221,97.745
20170808231,92.005
20170809001,79.505
20170809011,70.875
20170809021,56.515
20170809031,49.345
20170809041,43.715
20170809051,43.34
20170809061,47.04
20170809071,51.275
20170809081,58.11
20170809091,69.005
20170809101,89.135
20170809111,105.115
20170809121,105.95
20170809131,101.015
20170809141,102.58
20170809151,104.735
20170809161,101.465
20170809171,98.995
20170809181,100.85
20170809191,101.495
20170809201,99.365
20170809211,93.27
20170809221,89.38
20170809231,84.8
20170810001,76.835
20170810011,63.445
20170810021,52.38
20170810031,45.035
20170810041,41.84
20170810051,41.915
20170810061,44.415
20170810071,47.535
20170810081,52.175
20170810091,62.065
20170810101,95.68
20170810111,108.105
20170810121,107.7
20170810131,97.29
20170810141,98.595
20170810151,101.22
20170810161,98.415
20170810171,97.71
20170810181,101.095
20170810191,104.725
20170810201,103.38
20170810211,92.49
20170810221,86.52
20170810231,84.935
20170811001,74.465
20170811011,64.005
20170811021,54.755
20170811031,45.545
20170811041,39.82
20170811051,39.12
20170811061,42.85
20170811071,47.755
20170811081,52.775
20170811091,64.04
20170811101,86.815
20170811111,96.825
20170811121,97.67
20170811131,92.38
20170811141,94.785
20170811151,94.965
20170811161,90.51
20170811171,86.87
20170811181,91.935
20170811191,93.465
20170811201,93.18
20170811211,82.095
20170811221,77.485
20170811231,74.39
20170812001,63.405
20170812011,57.33
20170812021,44.645
20170812031,37.555
20170812041,33.385
20170812051,29.99
20170812061,30.215
20170812071,32.66
20170812081,38.495
20170812091,41.395
20170812101,51.885
20170812111,54.62
20170812121,54.345
20170812131,54.19
20170812141,53.33
20170812151,51.03
20170812161,50.91
20170812171,52.96
20170812181,54.88
20170812191,57.95
20170812201,61.33
20170812211,59.16
20170812221,58.595
20170812231,57.6
20170813001,47.735
20170813011,40.26
20170813021,32.925
20170813031,31.005
20170813041,25.175
20170813051,25.045
20170813061,26.095
20170813071,28.965
20170813081,34.4
20170813091,38.515
20170813101,49.55
20170813111,51.545
20170813121,53.73
20170813131,50.815
20170813141,48.635
20170813151,47.9
20170813161,50.085
20170813171,51.36
20170813181,57.855
20170813191,62.0
20170813201,63.47
20170813211,60.985
20170813221,61.485
20170813231,60.53
20170814001,54.74
20170814011,44.675
20170814021,37.875
20170814031,37.23
20170814041,32.93
20170814051,32.99
20170814061,38.41
20170814071,46.005
20170814081,51.455
20170814091,57.75
20170814101,85.91
20170814111,107.595
20170814121,107.955
20170814131,103.69
20170814141,108.565
20170814151,111.13
20170814161,108.8
20170814171,106.325
20170814181,108.905
20170814191,112.125
20170814201,105.875
20170814211,98.305
20170814221,89.805
20170814231,84.885
20170815001,72.025
20170815011,68.74
20170815021,55.595
20170815031,47.965
20170815041,42.505
20170815051,41.525
20170815061,44.685
20170815071,49.025
20170815081,53.59
20170815091,59.88
20170815101,94.535
20170815111,105.74
20170815121,106.94
20170815131,105.634
20170815141,103.404
20170815151,102.984
20170815161,102.29899999999999
20170815171,102.314
20170815181,109.535
20170815191,108.99
20170815201,107.14
20170815211,97.71
20170815221,93.19
20170815231,91.67
20170816001,78.925
20170816011,67.135
20170816021,53.525
20170816031,46.89
20170816041,40.895
20170816051,42.23
20170816061,45.03
20170816071,50.935
20170816081,56.335
20170816091,66.155
20170816101,89.895
20170816111,102.615
20170816121,105.105
20170816131,97.28
20170816141,98.585
20170816151,102.165
20170816161,100.395
20170816171,99.615
20170816181,106.53
20170816191,105.395
20170816201,101.345
20170816211,94.135
20170816221,89.505
20170816231,85.605
20170817001,76.995
20170817011,63.485
20170817021,51.405
20170817031,45.97
20170817041,41.42
20170817051,40.705
20170817061,43.865
20170817071,47.95
20170817081,51.725
20170817091,62.815
20170817101,90.545
20170817111,108.315
20170817121,109.97
20170817131,99.2
20170817141,102.32
20170817151,101.15
20170817161,96.78
20170817171,97.09
20170817181,99.165
20170817191,102.69
20170817201,102.16
20170817211,92.69
20170817221,86.855
20170817231,85.43
20170818001,75.23
20170818011,60.745
20170818021,52.14
20170818031,43.97
20170818041,38.81
20170818051,37.59
20170818061,39.835
20170818071,46.16
20170818081,52.41
20170818091,63.425
20170818101,87.2
20170818111,96.7
20170818121,97.44
20170818131,93.425
20170818141,95.41
20170818151,95.55
20170818161,96.165
20170818171,91.35
20170818181,96.45
20170818191,94.155
20170818201,94.89
20170818211,83.025
20170818221,79.525
20170818231,74.84
20170819001,64.405
20170819011,54.285
20170819021,43.565
20170819031,35.93
20170819041,33.095
20170819051,30.05
20170819061,29.88
20170819071,31.935
20170819081,37.97
20170819091,43.26
20170819101,53.74
20170819111,55.595
20170819121,56.05
20170819131,54.795
20170819141,54.19
20170819151,57.6
20170819161,57.41
20170819171,53.515
20170819181,54.485
20170819191,62.61
20170819201,64.835
20170819211,62.99
20170819221,62.275
20170819231,61.9
20170820001,48.29
20170820011,41.28
20170820021,33.84
20170820031,31.005
20170820041,26.795
20170820051,26.11
20170820061,25.85
20170820071,29.095
20170820081,34.96
20170820091,39.015
20170820101,49.18
20170820111,51.295
20170820121,53.0
20170820131,50.67
20170820141,48.71
20170820151,48.64
20170820161,49.855
20170820171,51.8
20170820181,54.695
20170820191,60.495
20170820201,61.84
20170820211,60.31
20170820221,61.16
20170820231,60.125
20170821001,55.15
20170821011,45.84
20170821021,39.08
20170821031,36.125
20170821041,31.685
20170821051,32.78
20170821061,37.76
20170821071,47.935
20170821081,53.53
20170821091,61.79
20170821101,87.345
20170821111,109.165
20170821121,111.565
20170821131,107.2
20170821141,112.33
20170821151,110.96
20170821161,108.85
20170821171,106.88
20170821181,108.76
20170821191,110.875
20170821201,107.95
20170821211,100.185
20170821221,93.17
20170821231,89.22
20170822001,73.84
20170822011,69.12
20170822021,55.07
20170822031,48.185
20170822041,42.49
20170822051,40.93
20170822061,42.7
20170822071,49.62
20170822081,56.7
20170822091,64.06
20170822101,92.78
20170822111,106.47
20170822121,109.835
20170822131,107.319
20170822141,106.689
20170822151,107.17399999999999
20170822161,102.414
20170822171,104.734
20170822181,110.66
20170822191,110.64
20170822201,109.495
20170822211,104.105
20170822221,97.605
20170822231,96.365
20170823001,81.62
20170823011,68.83
20170823021,53.84
20170823031,48.34
20170823041,42.39
20170823051,41.01
20170823061,43.71
20170823071,49.17
20170823081,57.65
20170823091,66.625
20170823101,91.595
20170823111,101.675
20170823121,105.46
20170823131,102.415
20170823141,104.405
20170823151,102.22
20170823161,99.485
20170823171,99.77
20170823181,103.075
20170823191,106.07
20170823201,104.015
20170823211,96.835
20170823221,90.965
20170823231,86.825
20170824001,75.12
20170824011,63.16
20170824021,51.635
20170824031,44.95
20170824041,41.05
20170824051,38.515
20170824061,42.6
20170824071,47.715
20170824081,53.755
20170824091,65.39
20170824101,100.9
20170824111,111.97
20170824121,112.32
20170824131,102.99
20170824141,109.23
20170824151,108.055
20170824161,102.74
20170824171,101.585
20170824181,106.18
20170824191,107.76
20170824201,105.865
20170824211,97.91
20170824221,94.53
20170824231,91.295
20170825001,77.85
20170825011,63.395
20170825021,51.345
20170825031,44.115
20170825041,39.3
20170825051,38.085
20170825061,40.15
20170825071,47.025
20170825081,56.56
20170825091,65.29
20170825101,85.375
20170825111,91.2
20170825121,92.735
20170825131,87.585
20170825141,91.105
20170825151,90.75
20170825161,85.245
20170825171,84.745
20170825181,88.365
20170825191,91.465
20170825201,89.585
20170825211,84.615
20170825221,77.645
20170825231,75.77
20170826001,63.06
20170826011,55.555
20170826021,45.315
20170826031,39.95
20170826041,33.78
20170826051,30.745
20170826061,31.795
20170826071,34.92
20170826081,40.005
20170826091,45.665
20170826101,58.23
20170826111,63.075
20170826121,61.33
20170826131,57.38
20170826141,55.43
20170826151,55.975
20170826161,56.505
20170826171,56.93
20170826181,58.76
20170826191,62.825
20170826201,63.625
20170826211,63.3
20170826221,61.405
20170826231,60.445
20170827001,51.9
20170827011,42.69
20170827021,33.24
20170827031,31.125
20170827041,28.585
20170827051,27.18
20170827061,28.22
20170827071,30.695
20170827081,35.62
20170827091,40.52
20170827101,51.8
20170827111,54.965
20170827121,57.435
20170827131,57.12
20170827141,54.895
20170827151,53.89
20170827161,54.84
20170827171,54.615
20170827181,58.23
20170827191,60.75
20170827201,62.675
20170827211,61.135
20170827221,62.645
20170827231,61.99
20170828001,56.525
20170828011,49.105
20170828021,40.185
20170828031,37.085
20170828041,33.685
20170828051,33.38
20170828061,37.535
20170828071,46.09
20170828081,52.77
20170828091,62.0
20170828101,81.79
20170828111,93.15
20170828121,96.01
20170828131,91.95
20170828141,96.295
20170828151,96.225
20170828161,94.885
20170828171,95.85
20170828181,104.6
20170828191,106.375
20170828201,103.44
20170828211,97.83
20170828221,92.3
20170828231,89.07
20170829001,78.59
20170829011,70.065
20170829021,57.91
20170829031,48.605
20170829041,43.825
20170829051,41.465
20170829061,44.045
20170829071,48.67
20170829081,54.08
20170829091,62.715
20170829101,94.425
20170829111,113.015
20170829121,113.645
20170829131,106.61
20170829141,111.03
20170829151,111.255
20170829161,107.54
20170829171,107.135
20170829181,112.86
20170829191,114.885
20170829201,111.275
20170829211,103.865
20170829221,92.33
20170829231,90.41
20170830001,81.625
20170830011,67.735
20170830021,54.55
20170830031,49.365
20170830041,44.115
20170830051,41.355
20170830061,43.375
20170830071,49.535
20170830081,56.99
20170830091,64.15
20170830101,89.1
20170830111,100.685
20170830121,101.94
20170830131,99.995
20170830141,104.79
20170830151,106.29
20170830161,100.1
20170830171,99.89
20170830181,104.455
20170830191,110.27
20170830201,105.165
20170830211,97.765
20170830221,92.015
20170830231,87.73
20170831001,77.8
20170831011,64.905
20170831021,55.08
20170831031,46.49
20170831041,43.065
20170831051,40.13
20170831061,44.065
20170831071,46.74
20170831081,53.46
20170831091,63.655
20170831101,95.8
20170831111,104.015
20170831121,105.95
20170831131,99.89
20170831141,104.285
20170831151,105.25
20170831161,101.9
20170831171,102.355
20170831181,105.05
20170831191,105.9
20170831201,102.54
20170831211,94.07
20170831221,88.745
20170831231,88.275
20170901001,72.855
20170901011,62.55
20170901021,52.35
20170901031,45.01
20170901041,38.975
20170901051,38.595
20170901061,42.78
20170901071,50.05
20170901081,51.64
20170901091,58.89
20170901101,78.39
20170901111,88.71
20170901121,91.285
20170901131,87.82
20170901141,91.925
20170901151,90.82
20170901161,85.855
20170901171,85.39
20170901181,89.105
20170901191,92.325
20170901201,91.495
20170901211,83.99
20170901221,79.675
20170901231,77.675
20170902001,61.075
20170902011,57.385
20170902021,43.63
20170902031,37.885
20170902041,33.47
20170902051,32.08
20170902061,32.335
20170902071,35.55
20170902081,41.725
20170902091,45.34
20170902101,55.76
20170902111,57.77
20170902121,56.43
20170902131,56.145
20170902141,55.425
20170902151,54.34
20170902161,51.44
20170902171,51.23
20170902181,55.895
20170902191,58.725
20170902201,61.36
20170902211,59.695
20170902221,58.93
20170902231,57.345
20170903001,45.505
20170903011,39.94
20170903021,33.365
20170903031,30.855
20170903041,26.495
20170903051,25.84
20170903061,26.925
20170903071,29.745
20170903081,31.97
20170903091,38.4
20170903101,48.73
20170903111,51.72
20170903121,51.995
20170903131,50.18
20170903141,48.78
20170903151,47.255
20170903161,48.325
20170903171,50.27
20170903181,57.315
20170903191,58.87
20170903201,60.565
20170903211,60.375
20170903221,61.135
20170903231,59.195
20170904001,55.215
20170904011,46.385
20170904021,37.395
20170904031,35.35
20170904041,33.465
20170904051,32.59
20170904061,37.7
20170904071,45.2
20170904081,50.46
20170904091,58.665
20170904101,82.535
20170904111,95.235
20170904121,95.815
20170904131,92.695
20170904141,95.5
20170904151,96.965
20170904161,91.5
20170904171,88.115
20170904181,92.165
20170904191,95.935
20170904201,92.55
20170904211,87.33
20170904221,85.79
20170904231,82.175
20170905001,70.07
20170905011,66.43
20170905021,51.645
20170905031,44.795
20170905041,42.04
20170905051,40.5
20170905061,42.855
20170905071,47.18
20170905081,55.775
20170905091,60.42
20170905101,91.61
20170905111,101.75
20170905121,103.02
20170905131,103.135
20170905141,106.025
20170905151,109.72
20170905161,112.9
20170905171,118.095
20170905181,121.995
20170905191,121.73
20170905201,115.89
20170905211,103.11
20170905221,96.875
20170905231,91.905
20170906001,80.31
20170906011,72.02
20170906021,57.94
20170906031,49.805
20170906041,44.7
20170906051,44.07
20170906061,48.18
20170906071,51.795
20170906081,59.705
20170906091,69.545
20170906101,90.35
20170906111,105.535
20170906121,106.105
20170906131,102.205
20170906141,103.31
20170906151,105.015
20170906161,101.725
20170906171,99.33
20170906181,100.955
20170906191,101.91
20170906201,99.325
20170906211,93.32
20170906221,90.52
20170906231,85.645
20170907001,77.36
20170907011,64.28
20170907021,52.865
20170907031,45.455
20170907041,43.295
20170907051,43.08
20170907061,45.615
20170907071,48.845
20170907081,54.16
20170907091,61.575
20170907101,97.365
20170907111,108.165
20170907121,108.085
20170907131,97.67
20170907141,99.125
20170907151,102.355
20170907161,99.85
20170907171,98.91
20170907181,102.225
20170907191,105.785
20170907201,104.27
20170907211,93.54
20170907221,86.275
20170907231,85.295
20170908001,73.705
20170908011,63.425
20170908021,53.145
20170908031,45.2
20170908041,39.48
20170908051,38.895
20170908061,43.12
20170908071,49.395
20170908081,53.31
20170908091,63.185
20170908101,86.95
20170908111,97.385
20170908121,98.465
20170908131,93.64
20170908141,95.985
20170908151,96.115
20170908161,91.215
20170908171,87.55
20170908181,91.89
20170908191,94.05
20170908201,93.5
20170908211,83.18
20170908221,78.535
20170908231,75.495
20170909001,63.275
20170909011,57.455
20170909021,44.645
20170909031,36.755
20170909041,33.1
20170909051,30.085
20170909061,29.99
20170909071,32.68
20170909081,39.2
20170909091,41.805
20170909101,52.545
20170909111,56.545
20170909121,56.19
20170909131,55.78
20170909141,54.8
20170909151,52.035
20170909161,52.2
20170909171,54.01
20170909181,55.775
20170909191,59.13
20170909201,62.955
20170909211,59.94
20170909221,60.105
20170909231,59.16
20170910001,50.22
20170910011,41.715
20170910021,34.55
20170910031,32.93
20170910041,26.195
20170910051,26.315
20170910061,27.335
20170910071,30.495
20170910081,36.15
20170910091,39.175
20170910101,49.385
20170910111,52.075
20170910121,54.59
20170910131,51.92
20170910141,49.43
20170910151,48.86
20170910161,50.805
20170910171,51.91
20170910181,61.18
20170910191,67.105
20170910201,70.935
20170910211,67.645
20170910221,66.605
20170910231,65.755
20170911001,55.93
20170911011,47.145
20170911021,38.465
20170911031,37.845
20170911041,33.145
20170911051,32.925
20170911061,38.36
20170911071,45.84
20170911081,52.505
20170911091,59.425
20170911101,86.495
20170911111,108.295
20170911121,108.605
20170911131,104.17
20170911141,109.775
20170911151,112.975
20170911161,110.335
20170911171,107.39
20170911181,109.495
20170911191,113.015
20170911201,105.75
20170911211,99.02
20170911221,90.685
20170911231,85.31
20170912001,71.47
20170912011,69.535
20170912021,56.465
20170912031,48.13
20170912041,43.775
20170912051,42.72
20170912061,46.475
20170912071,51.04
20170912081,55.05
20170912091,60.135
20170912101,96.41
20170912111,107.17
20170912121,107.405
20170912131,106.044
20170912141,102.949
20170912151,102.479
20170912161,103.00399999999999
20170912171,103.709
20170912181,110.965
20170912191,110.505
20170912201,107.605
20170912211,97.735
20170912221,93.88
20170912231,90.385
20170913001,79.72
20170913011,69.91
20170913021,53.85
20170913031,47.065
20170913041,41.13
20170913051,42.785
20170913061,46.495
20170913071,51.525
20170913081,56.835
20170913091,65.925
20170913101,90.985
20170913111,103.495
20170913121,106.285
20170913131,97.355
20170913141,98.98
20170913151,103.275
20170913161,101.2
20170913171,100.305
20170913181,107.295
20170913191,105.365
20170913201,100.99
20170913211,94.47
20170913221,89.64
20170913231,85.45
20170914001,77.215
20170914011,65.6
20170914021,51.53
20170914031,46.07
20170914041,41.775
20170914051,41.095
20170914061,43.985
20170914071,47.585
20170914081,51.46
20170914091,62.62
20170914101,90.495
20170914111,108.915
20170914121,109.64
20170914131,98.27
20170914141,100.91
20170914151,99.84
20170914161,95.335
20170914171,95.695
20170914181,97.345
20170914191,101.145
20170914201,100.67
20170914211,91.6
20170914221,85.51
20170914231,84.0
20170915001,76.31
20170915011,62.505
20170915021,53.12
20170915031,45.455
20170915041,39.715
20170915051,38.36
20170915061,41.08
20170915071,47.0
20170915081,52.205
20170915091,63.37
20170915101,86.53
20170915111,97.295
20170915121,98.16
20170915131,93.87
20170915141,95.64
20170915151,96.3
20170915161,97.065
20170915171,92.08
20170915181,97.995
20170915191,95.6
20170915201,96.71
20170915211,82.685
20170915221,79.075
20170915231,74.235
20170916001,64.36
20170916011,54.005
20170916021,43.935
20170916031,35.8
20170916041,32.38
20170916051,29.99
20170916061,29.555
20170916071,31.475
20170916081,37.725
20170916091,42.475
20170916101,51.98
20170916111,53.57
20170916121,53.06
20170916131,52.72
20170916141,52.08
20170916151,54.02
20170916161,53.765
20170916171,51.5
20170916181,53.38
20170916191,62.12
20170916201,64.27
20170916211,61.545
20170916221,61.15
20170916231,60.02
20170917001,47.795
20170917011,40.84
20170917021,34.645
20170917031,32.045
20170917041,26.865
20170917051,25.54
20170917061,25.075
20170917071,28.745
20170917081,34.39
20170917091,37.515
20170917101,47.505
20170917111,49.025
20170917121,51.025
20170917131,48.52
20170917141,47.04
20170917151,46.925
20170917161,47.905
20170917171,50.325
20170917181,52.225
20170917191,57.285
20170917201,59.51
20170917211,57.42
20170917221,59.18
20170917231,58.395
20170918001,53.64
20170918011,43.025
20170918021,37.405
20170918031,34.715
20170918041,30.57
20170918051,32.32
20170918061,37.4
20170918071,47.08
20170918081,52.37
20170918091,59.375
20170918101,87.44
20170918111,106.565
20170918121,107.725
20170918131,103.92
20170918141,109.09
20170918151,108.425
20170918161,107.77
20170918171,105.62
20170918181,106.39
20170918191,108.625
20170918201,104.975
20170918211,95.585
20170918221,89.545
20170918231,86.275
20170919001,73.94
20170919011,69.465
20170919021,54.99
20170919031,47.825
20170919041,41.59
20170919051,40.335
20170919061,41.91
20170919071,48.725
20170919081,55.345
20170919091,61.13
20170919101,92.485
20170919111,104.045
20170919121,107.18
20170919131,105.714
20170919141,104.664
20170919151,105.109
20170919161,100.79899999999999
20170919171,103.369
20170919181,109.4
20170919191,109.085
20170919201,108.32
20170919211,101.87
20170919221,95.645
20170919231,95.525
20170920001,80.05
20170920011,68.285
20170920021,53.225
20170920031,46.375
20170920041,41.49
20170920051,40.755
20170920061,43.34
20170920071,49.27
20170920081,57.115
20170920091,66.345
20170920101,91.21
20170920111,101.665
20170920121,106.195
20170920131,102.9
20170920141,103.785
20170920151,102.05
20170920161,100.225
20170920171,101.15
20170920181,104.52
20170920191,106.675
20170920201,104.705
20170920211,96.13
20170920221,90.995
20170920231,87.24
20170921001,75.915
20170921011,64.76
20170921021,53.18
20170921031,45.515
20170921041,41.425
20170921051,39.325
20170921061,43.32
20170921071,48.1
20170921081,53.755
20170921091,66.21
20170921101,100.585
20170921111,111.785
20170921121,114.38
20170921131,105.215
20170921141,112.075
20170921151,109.865
20170921161,103.995
20170921171,102.7
20170921181,107.495
20170921191,109.255
20170921201,107.62
20170921211,97.295
20170921221,92.045
20170921231,89.5
20170922001,74.95
20170922011,61.655
20170922021,50.68
20170922031,42.58
20170922041,37.91
20170922051,37.625
20170922061,40.225
20170922071,46.18
20170922081,57.08
20170922091,67.24
20170922101,88.795
20170922111,95.295
20170922121,98.09
20170922131,92.56
20170922141,95.87
20170922151,94.695
20170922161,89.535
20170922171,88.54
20170922181,92.825
20170922191,95.215
20170922201,94.03
20170922211,86.145
20170922221,79.185
20170922231,76.585
20170923001,62.59
20170923011,54.36
20170923021,45.785
20170923031,39.59
20170923041,33.8
20170923051,30.52
20170923061,32.6
20170923071,34.655
20170923081,38.505
20170923091,43.93
20170923101,51.57
20170923111,55.17
20170923121,55.165
20170923131,53.175
20170923141,54.065
20170923151,55.645
20170923161,56.355
20170923171,55.69
20170923181,57.355
20170923191,61.955
20170923201,63.225
20170923211,63.73
20170923221,62.52
20170923231,61.58
20170924001,51.015
20170924011,42.68
20170924021,33.845
20170924031,32.495
20170924041,29.01
20170924051,28.29
20170924061,28.945
20170924071,31.325
20170924081,36.12
20170924091,40.305
20170924101,52.14
20170924111,54.99
20170924121,56.875
20170924131,56.415
20170924141,54.36
20170924151,53.495
20170924161,54.135
20170924171,54.54
20170924181,58.125
20170924191,60.62
20170924201,62.1
20170924211,60.83
20170924221,62.515
20170924231,62.165
20170925001,57.03
20170925011,49.505
20170925021,41.365
20170925031,38.165
20170925041,34.03
20170925051,33.43
20170925061,37.965
20170925071,46.505
20170925081,53.115
20170925091,61.31
20170925101,78.19
20170925111,86.425
20170925121,90.725
20170925131,87.32
20170925141,91.69
20170925151,92.6
20170925161,91.45
20170925171,93.18
20170925181,103.415
20170925191,106.59
20170925201,104.85
20170925211,101.17
20170925221,93.38
20170925231,89.84
20170926001,80.59
20170926011,71.1
20170926021,60.36
20170926031,50.265
20170926041,44.49
20170926051,42.275
20170926061,44.635
20170926071,49.81
20170926081,55.275
20170926091,63.08
20170926101,93.205
20170926111,113.69
20170926121,113.74
20170926131,107.5
20170926141,111.55
20170926151,111.295
20170926161,108.32
20170926171,109.16
20170926181,115.59
20170926191,117.185
20170926201,115.17
20170926211,107.05
20170926221,97.995
20170926231,96.195
20170927001,83.525
20170927011,68.445
20170927021,55.13
20170927031,50.535
20170927041,44.235
20170927051,41.305
20170927061,43.61
20170927071,50.935
20170927081,57.97
20170927091,66.3
20170927101,89.18
20170927111,103.13
20170927121,103.915
20170927131,102.855
20170927141,107.975
20170927151,109.045
20170927161,102.335
20170927171,102.205
20170927181,107.935
20170927191,114.32
20170927201,109.205
20170927211,99.945
20170927221,93.735
20170927231,89.61
20170928001,78.99
20170928011,66.36
20170928021,55.97
20170928031,46.455
20170928041,42.96
20170928051,39.955
20170928061,44.425
20170928071,47.615
20170928081,53.805
20170928091,64.92
20170928101,99.86
20170928111,109.4
20170928121,111.41
20170928131,104.585
20170928141,108.745
20170928151,109.525
20170928161,105.835
20170928171,106.555
20170928181,109.425
20170928191,109.535
20170928201,106.775
20170928211,98.3
20170928221,93.71
20170928231,92.08
20170929001,79.89
20170929011,65.545
20170929021,54.535
20170929031,46.87
20170929041,42.535
20170929051,39.965
20170929061,42.7
20170929071,47.745
20170929081,55.375
20170929091,64.425
20170929101,89.45
20170929111,100.59
20170929121,100.825
20170929131,95.515
20170929141,101.81
20170929151,102.23
20170929161,97.205
20170929171,94.415
20170929181,97.68
20170929191,103.675
20170929201,98.945
20170929211,90.375
20170929221,84.185
20170929231,81.035
20170930001,63.405
20170930011,55.8
20170930021,45.41
20170930031,39.16
20170930041,33.485
20170930051,30.38
20170930061,32.28
20170930071,33.55
20170930081,38.92
20170930091,43.425
20170930101,57.465
20170930111,62.385
20170930121,61.48
20170930131,57.415
20170930141,56.1
20170930151,55.685
20170930161,56.325
20170930171,56.345
20170930181,58.105
20170930191,62.77
20170930201,63.255
20170930211,61.235
20170930221,59.645
20170930231,57.78
20171001001,37.93
20171001011,34.275
20171001021,27.665
20171001031,25.365
20171001041,22.235
20171001051,21.47
20171001061,22.445
20171001071,25.31
20171001081,27.425
20171001091,31.6
20171001101,36.535
20171001111,38.25
20171001121,38.195
20171001131,37.66
20171001141,37.625
20171001151,37.745
20171001161,39.33
20171001171,39.59
20171001181,45.445
20171001191,48.55
20171001201,50.42
20171001211,50.69
20171001221,51.52
20171001231,49.31
20171002001,50.58
20171002011,43.91
20171002021,37.61
20171002031,35.275
20171002041,33.58
20171002051,32.395
20171002061,35.395
20171002071,42.295
20171002081,46.83
20171002091,52.785
20171002101,74.75
20171002111,84.005
20171002121,83.57
20171002131,78.85
20171002141,85.04
20171002151,85.285
20171002161,78.17
20171002171,78.5
20171002181,84.065
20171002191,88.19
20171002201,87.245
20171002211,82.585
20171002221,81.175
20171002231,77.925
20171003001,68.125
20171003011,63.56
20171003021,49.395
20171003031,43.865
20171003041,39.96
20171003051,38.7
20171003061,42.23
20171003071,46.475
20171003081,53.905
20171003091,58.995
20171003101,88.26
20171003111,99.0
20171003121,100.095
20171003131,100.295
20171003141,103.05
20171003151,106.53
20171003161,108.575
20171003171,111.43
20171003181,115.18
20171003191,117.905
20171003201,112.6
20171003211,101.38
20171003221,95.31
20171003231,90.0
20171004001,78.16
20171004011,69.485
20171004021,55.735
20171004031,48.115
20171004041,42.98
20171004051,42.4
20171004061,46.67
20171004071,50.63
20171004081,57.615
20171004091,66.245
20171004101,86.375
20171004111,97.945
20171004121,100.305
20171004131,96.26
20171004141,98.05
20171004151,99.535
20171004161,96.14
20171004171,93.625
20171004181,95.625
20171004191,97.435
20171004201,95.745
20171004211,91.38
20171004221,88.595
20171004231,83.655
20171005001,76.495
20171005011,63.575
20171005021,52.595
20171005031,44.82
20171005041,41.695
20171005051,41.365
20171005061,44.085
20171005071,47.57
20171005081,52.145
20171005091,60.17
20171005101,95.905
20171005111,105.65
20171005121,106.075
20171005131,96.52
20171005141,97.73
20171005151,101.24
20171005161,98.99
20171005171,97.55
20171005181,99.955
20171005191,102.82
20171005201,100.855
20171005211,91.775
20171005221,84.715
20171005231,83.88
20171006001,73.15
20171006011,62.765
20171006021,52.445
20171006031,44.44
20171006041,39.235
20171006051,38.095
20171006061,42.39
20171006071,48.665
20171006081,52.03
20171006091,60.475
20171006101,85.165
20171006111,95.0
20171006121,96.62
20171006131,92.665
20171006141,94.575
20171006151,94.43
20171006161,90.095
20171006171,86.935
20171006181,91.04
20171006191,92.86
20171006201,92.005
20171006211,82.305
20171006221,78.97
20171006231,75.78
20171007001,62.65
20171007011,57.735
20171007021,43.325
20171007031,36.235
20171007041,31.915
20171007051,29.91
20171007061,30.535
20171007071,32.815
20171007081,38.75
20171007091,42.03
20171007101,51.94
20171007111,55.525
20171007121,54.815
20171007131,54.47
20171007141,53.84
20171007151,51.495
20171007161,51.145
20171007171,52.675
20171007181,54.655
20171007191,57.18
20171007201,61.13
20171007211,57.86
20171007221,57.755
20171007231,56.68
20171008001,47.44
20171008011,41.215
20171008021,33.83
20171008031,31.405
20171008041,25.84
20171008051,25.76
20171008061,26.655
20171008071,29.435
20171008081,34.15
20171008091,39.31
20171008101,49.04
20171008111,51.49
20171008121,53.495
20171008131,51.235
20171008141,49.25
20171008151,49.105
20171008161,50.63
20171008171,51.265
20171008181,59.29
20171008191,65.17
20171008201,67.055
20171008211,65.465
20171008221,65.39
20171008231,64.075
20171009001,55.38
20171009011,47.64
20171009021,39.02
20171009031,38.145
20171009041,33.885
20171009051,33.6
20171009061,39.1
20171009071,45.955
20171009081,52.13
20171009091,59.96
20171009101,85.215
20171009111,101.475
20171009121,102.71
20171009131,98.11
20171009141,103.4
20171009151,105.785
20171009161,102.02
20171009171,99.66
20171009181,102.07
20171009191,105.26
20171009201,100.805
20171009211,95.125
20171009221,89.645
20171009231,84.51
20171010001,70.795
20171010011,69.63
20171010021,56.225
20171010031,48.0
20171010041,43.195
20171010051,42.415
20171010061,45.965
20171010071,50.67
20171010081,55.15
20171010091,59.805
20171010101,96.74
20171010111,105.945
20171010121,106.62
20171010131,105.204
20171010141,102.499
20171010151,102.024
20171010161,102.814
20171010171,103.699
20171010181,111.055
20171010191,110.915
20171010201,108.02
20171010211,98.055
20171010221,94.085
20171010231,91.175
20171011001,79.39
20171011011,69.595
20171011021,53.795
20171011031,46.795
20171011041,41.205
20171011051,42.375
20171011061,46.36
20171011071,50.95
20171011081,57.05
20171011091,65.725
20171011101,91.045
20171011111,102.77
20171011121,105.205
20171011131,97.075
20171011141,98.52
20171011151,102.425
20171011161,100.32
20171011171,99.345
20171011181,105.875
20171011191,104.38
20171011201,100.68
20171011211,93.945
20171011221,89.745
20171011231,85.505
20171012001,77.26
20171012011,65.98
20171012021,52.56
20171012031,46.14
20171012041,41.525
20171012051,40.785
20171012061,43.585
20171012071,47.31
20171012081,52.0
20171012091,62.45
20171012101,90.445
20171012111,108.7
20171012121,109.72
20171012131,98.95
20171012141,101.12
20171012151,100.39
20171012161,96.08
20171012171,96.3
20171012181,98.67
20171012191,102.63
20171012201,101.87
20171012211,92.52
20171012221,86.625
20171012231,84.96
20171013001,76.13
20171013011,64.81
20171013021,55.03
20171013031,46.75
20171013041,40.64
20171013051,39.44
20171013061,42.67
20171013071,47.405
20171013081,53.2
20171013091,64.285
20171013101,85.8
20171013111,97.465
20171013121,97.43
20171013131,92.935
20171013141,94.97
20171013151,95.785
20171013161,95.56
20171013171,91.265
20171013181,96.935
20171013191,95.33
20171013201,95.32
20171013211,82.535
20171013221,78.51
20171013231,73.48
20171014001,63.895
20171014011,54.905
20171014021,44.285
20171014031,37.205
20171014041,33.025
20171014051,30.535
20171014061,30.39
20171014071,32.12
20171014081,37.49
20171014091,41.815
20171014101,52.005
20171014111,54.015
20171014121,53.925
20171014131,53.22
20171014141,52.875
20171014151,54.36
20171014161,54.43
20171014171,52.475
20171014181,54.18
20171014191,61.18
20171014201,63.63
20171014211,61.355
20171014221,60.435
20171014231,59.215
20171015001,47.695
20171015011,40.775
20171015021,34.295
20171015031,31.985
20171015041,26.975
20171015051,25.33
20171015061,25.58
20171015071,29.195
20171015081,34.51
20171015091,38.095
20171015101,48.325
20171015111,49.45
20171015121,51.29
20171015131,49.43
20171015141,47.88
20171015151,47.38
20171015161,48.66
20171015171,50.55
20171015181,54.01
20171015191,58.02
20171015201,60.17
20171015211,57.68
20171015221,59.485
20171015231,58.36
20171016001,54.21
20171016011,44.04
20171016021,38.075
20171016031,35.7
20171016041,31.55
20171016051,32.735
20171016061,38.24
20171016071,46.8
20171016081,51.42
20171016091,58.75
20171016101,88.515
20171016111,107.07
20171016121,108.42
20171016131,104.335
20171016141,109.54
20171016151,109.18
20171016161,108.47
20171016171,106.01
20171016181,106.825
20171016191,109.875
20171016201,105.21
20171016211,95.31
20171016221,89.72
20171016231,85.475
20171017001,73.24
20171017011,68.695
20171017021,54.915
20171017031,47.55
20171017041,41.48
20171017051,40.245
20171017061,42.175
20171017071,48.16
20171017081,54.655
20171017091,60.745
20171017101,92.05
20171017111,103.49
20171017121,106.56
20171017131,105.64399999999999
20171017141,104.084
20171017151,104.419
20171017161,100.889
20171017171,103.064
20171017181,108.91
20171017191,108.11
20171017201,107.335
20171017211,100.2
20171017221,94.76
20171017231,92.97
20171018001,78.495
20171018011,66.72
20171018021,52.83
20171018031,45.985
20171018041,40.74
20171018051,40.31
20171018061,42.945
20171018071,49.035
20171018081,56.63
20171018091,66.2
20171018101,89.29
20171018111,101.54
20171018121,105.64
20171018131,100.77
20171018141,101.59
20171018151,101.75
20171018161,99.945
20171018171,100.01
20171018181,104.85
20171018191,106.1
20171018201,103.7
20171018211,94.945
20171018221,89.3
20171018231,85.87
20171019001,74.84
20171019011,63.68
20171019021,53.095
20171019031,45.655
20171019041,41.195
20171019051,39.22
20171019061,43.08
20171019071,47.825
20171019081,52.695
20171019091,64.77
20171019101,96.66
20171019111,110.24
20171019121,112.6
20171019131,103.325
20171019141,108.315
20171019151,106.66
20171019161,101.685
20171019171,101.02
20171019181,104.485
20171019191,106.865
20171019201,105.135
20171019211,95.88
20171019221,89.72
20171019231,87.91
20171020001,76.095
20171020011,62.915
20171020021,51.66
20171020031,43.32
20171020041,38.27
20171020051,37.795
20171020061,40.12
20171020071,46.42
20171020081,55.46
20171020091,64.945
20171020101,87.69
20171020111,94.775
20171020121,97.61
20171020131,92.38
20171020141,95.365
20171020151,94.48
20171020161,90.415
20171020171,88.96
20171020181,92.8
20171020191,94.935
20171020201,93.53
20171020211,84.735
20171020221,78.375
20171020231,76.72
20171021001,62.55
20171021011,54.1
20171021021,45.095
20171021031,38.06
20171021041,33.6
20171021051,30.04
20171021061,31.835
20171021071,33.89
20171021081,37.82
20171021091,43.71
20171021101,52.62
20171021111,55.3
20171021121,55.425
20171021131,53.675
20171021141,54.47
20171021151,55.75
20171021161,56.42
20171021171,55.095
20171021181,57.075
20171021191,61.945
20171021201,63.43
20171021211,62.76
20171021221,62.03
20171021231,61.205
20171022001,50.265
20171022011,42.55
20171022021,33.505
20171022031,31.62
20171022041,28.155
20171022051,27.46
20171022061,27.985
20171022071,30.9
20171022081,35.535
20171022091,39.42
20171022101,51.765
20171022111,54.665
20171022121,56.095
20171022131,54.465
20171022141,52.72
20171022151,52.565
20171022161,53.11
20171022171,54.465
20171022181,58.02
20171022191,61.8
20171022201,63.3
20171022211,62.23
20171022221,62.895
20171022231,61.685
20171023001,56.535
20171023011,48.66
20171023021,40.675
20171023031,37.95
20171023041,33.945
20171023051,33.455
20171023061,37.935
20171023071,47.245
20171023081,54.035
20171023091,63.86
20171023101,80.95
20171023111,92.875
20171023121,96.285
20171023131,93.2
20171023141,98.095
20171023151,98.085
20171023161,96.63
20171023171,97.21
20171023181,104.845
20171023191,107.485
20171023201,106.0
20171023211,101.41
20171023221,93.215
20171023231,89.485
20171024001,77.755
20171024011,70.235
20171024021,58.895
20171024031,49.69
20171024041,43.81
20171024051,42.11
20171024061,44.395
20171024071,50.005
20171024081,55.9
20171024091,64.18
20171024101,92.835
20171024111,111.17
20171024121,112.78
20171024131,106.845
20171024141,109.705
20171024151,110.025
20171024161,106.855
20171024171,107.68
20171024181,113.705
20171024191,115.12
20171024201,113.03
20171024211,105.955
20171024221,97.865
20171024231,95.76
20171025001,82.32
20171025011,67.7
20171025021,54.015
20171025031,49.705
20171025041,43.345
20171025051,40.97
20171025061,43.62
20171025071,49.865
20171025081,57.925
20171025091,66.12
20171025101,89.73
20171025111,102.37
20171025121,104.055
20171025131,101.7
20171025141,106.615
20171025151,106.43
20171025161,100.645
20171025171,100.3
20171025181,105.715
20171025191,111.28
20171025201,106.67
20171025211,98.36
20171025221,91.89
20171025231,88.125
20171026001,78.1
20171026011,65.8
20171026021,55.595
20171026031,47.08
20171026041,43.22
20171026051,40.395
20171026061,44.44
20171026071,47.945
20171026081,54.205
20171026091,64.025
20171026101,97.855
20171026111,107.87
20171026121,109.56
20171026131,101.91
20171026141,105.66
20171026151,106.63
20171026161,102.95
20171026171,103.525
20171026181,106.665
20171026191,107.175
20171026201,104.82
20171026211,97.83
20171026221,93.5
20171026231,91.03
20171027001,80.295
20171027011,65.665
20171027021,55.185
20171027031,47.165
20171027041,42.75
20171027051,39.995
20171027061,41.995
20171027071,47.775
20171027081,55.39
20171027091,64.32
20171027101,86.625
20171027111,97.42
20171027121,97.535
20171027131,92.445
20171027141,97.645
20171027151,98.19
20171027161,92.975
20171027171,91.03
20171027181,94.935
20171027191,99.48
20171027201,96.615
20171027211,88.385
20171027221,80.975
20171027231,79.165
20171028001,63.47
20171028011,56.895
20171028021,45.45
20171028031,39.665
20171028041,33.28
20171028051,30.665
20171028061,31.445
20171028071,33.7
20171028081,39.205
20171028091,44.16
20171028101,59.035
20171028111,64.855
20171028121,63.47
20171028131,59.35
20171028141,57.205
20171028151,56.99
20171028161,57.775
20171028171,58.42
20171028181,60.42
20171028191,65.65
20171028201,67.675
20171028211,65.52
20171028221,63.525
20171028231,61.88
20171029001,52.38
20171029011,43.39
20171029021,33.955
20171029031,31.705
20171029041,28.86
20171029051,27.265
20171029061,28.605
20171029071,30.735
20171029081,36.075
20171029091,41.04
20171029101,51.405
20171029111,54.075
20171029121,56.685
20171029131,55.93
20171029141,54.2
20171029151,53.29
20171029161,54.13
20171029171,54.055
20171029181,57.96
20171029191,60.655
20171029201,61.905
20171029211,60.345
20171029221,61.715
20171029231,61.65
20171030001,58.2
20171030011,50.285
20171030021,43.92
20171030031,41.215
20171030041,38.15
20171030051,37.31
20171030061,40.245
20171030071,46.63
20171030081,53.53
20171030091,62.28
20171030101,83.215
20171030111,92.89
20171030121,95.83
20171030131,90.91
20171030141,95.595
20171030151,96.12
20171030161,94.97
20171030171,95.195
20171030181,102.535
20171030191,104.74
20171030201,101.5
20171030211,96.205
20171030221,90.93
20171030231,87.28
20171031001,77.28
20171031011,69.21
20171031021,57.1
20171031031,49.235
20171031041,44.09
20171031051,41.875
20171031061,44.3
20171031071,48.385
20171031081,54.755
20171031091,63.58
20171031101,94.04
20171031111,111.29
20171031121,111.685
20171031131,105.085
20171031141,109.55
20171031151,109.615
20171031161,106.185
20171031171,104.94
20171031181,110.96
20171031191,113.075
20171031201,109.88
20171031211,102.58
20171031221,88.4
20171031231,86.675
20170701002,24.58
20170701012,24.145
20170701022,19.965
20170701032,15.995
20170701042,12.335
20170701052,12.375
20170701062,11.87
20170701072,12.02
20170701082,13.125
20170701092,15.22
20170701102,18.275
20170701112,18.035
20170701122,17.24
20170701132,15.78
20170701142,15.695
20170701152,14.82
20170701162,15.53
20170701172,15.125
20170701182,15.62
20170701192,17.365
20170701202,19.0
20170701212,19.725
20170701222,18.65
20170701232,18.885
20170702002,14.72
20170702012,15.13
20170702022,12.75
20170702032,13.595
20170702042,12.135
20170702052,10.715
20170702062,9.59
20170702072,11.2
20170702082,11.1
20170702092,11.49
20170702102,14.645
20170702112,16.73
20170702122,15.07
20170702132,14.93
20170702142,15.785
20170702152,16.345
20170702162,17.58
20170702172,17.975
20170702182,20.755
20170702192,21.035
20170702202,19.23
20170702212,18.98
20170702222,21.625
20170702232,20.125
20170703002,22.165
20170703012,20.5
20170703022,16.01
20170703032,14.68
20170703042,13.435
20170703052,12.9
20170703062,12.71
20170703072,14.62
20170703082,17.685
20170703092,19.685
20170703102,23.045
20170703112,27.9
20170703122,28.58
20170703132,28.18
20170703142,30.41
20170703152,31.275
20170703162,29.865
20170703172,28.995
20170703182,29.22
20170703192,30.795
20170703202,31.74
20170703212,30.96
20170703222,29.095
20170703232,30.19
20170704002,29.67
20170704012,27.535
20170704022,21.855
20170704032,17.88
20170704042,15.4
20170704052,15.38
20170704062,15.555
20170704072,18.82
20170704082,18.55
20170704092,17.485
20170704102,24.375
20170704112,28.725
20170704122,30.725
20170704132,30.51
20170704142,33.33
20170704152,34.415
20170704162,34.59
20170704172,33.09
20170704182,35.485
20170704192,35.98
20170704202,35.355
20170704212,33.825
20170704222,32.025
20170704232,32.925
20170705002,31.225
20170705012,25.215
20170705022,20.545
20170705032,19.01
20170705042,16.645
20170705052,15.33
20170705062,15.575
20170705072,17.09
20170705082,19.06
20170705092,20.465
20170705102,25.985
20170705112,29.86
20170705122,34.07
20170705132,33.23
20170705142,35.465
20170705152,34.325
20170705162,34.125
20170705172,34.63
20170705182,35.105
20170705192,35.92
20170705202,35.87
20170705212,34.655
20170705222,32.8
20170705232,31.44
20170706002,30.96
20170706012,26.495
20170706022,23.345
20170706032,18.8
20170706042,15.31
20170706052,14.76
20170706062,15.28
20170706072,16.82
20170706082,19.37
20170706092,18.77
20170706102,25.94
20170706112,28.28
20170706122,32.235
20170706132,30.395
20170706142,36.115
20170706152,34.59
20170706162,33.8
20170706172,32.235
20170706182,34.125
20170706192,37.815
20170706202,37.15
20170706212,32.575
20170706222,30.025
20170706232,30.755
20170707002,29.66
20170707012,24.665
20170707022,22.96
20170707032,18.025
20170707042,16.035
20170707052,15.395
20170707062,16.275
20170707072,17.175
20170707082,16.265
20170707092,19.09
20170707102,24.28
20170707112,28.735
20170707122,31.515
20170707132,30.98
20170707142,32.26
20170707152,32.285
20170707162,31.68
20170707172,30.98
20170707182,31.67
20170707192,33.335
20170707202,32.45
20170707212,31.25
20170707222,29.55
20170707232,27.675
20170708002,25.46
20170708012,23.3
20170708022,20.34
20170708032,15.695
20170708042,12.26
20170708052,12.425
20170708062,11.595
20170708072,10.02
20170708082,11.03
20170708092,12.305
20170708102,16.115
20170708112,17.985
20170708122,18.88
20170708132,16.64
20170708142,14.4
20170708152,14.18
20170708162,15.35
20170708172,16.245
20170708182,16.14
20170708192,17.48
20170708202,17.895
20170708212,16.21
20170708222,18.585
20170708232,16.78
20170709002,17.275
20170709012,14.845
20170709022,12.725
20170709032,12.825
20170709042,12.24
20170709052,11.385
20170709062,10.205
20170709072,11.58
20170709082,12.47
20170709092,12.29
20170709102,12.835
20170709112,15.45
20170709122,14.895
20170709132,15.3
20170709142,15.425
20170709152,16.38
20170709162,17.33
20170709172,17.985
20170709182,18.88
20170709192,21.055
20170709202,18.315
20170709212,18.24
20170709222,20.165
20170709232,19.645
20170710002,19.47
20170710012,16.875
20170710022,15.925
20170710032,14.115
20170710042,12.795
20170710052,12.945
20170710062,13.98
20170710072,14.915
20170710082,17.48
20170710092,21.4
20170710102,24.565
20170710112,28.995
20170710122,30.64
20170710132,30.69
20170710142,34.77
20170710152,38.435
20170710162,36.38
20170710172,35.14
20170710182,35.44
20170710192,36.65
20170710202,35.23
20170710212,34.755
20170710222,33.86
20170710232,32.845
20170711002,31.68
20170711012,27.57
20170711022,23.485
20170711032,19.04
20170711042,16.97
20170711052,15.07
20170711062,15.21
20170711072,17.605
20170711082,18.585
20170711092,18.83
20170711102,26.65
20170711112,33.125
20170711122,36.115
20170711132,36.06
20170711142,37.55
20170711152,37.415
20170711162,37.67
20170711172,39.0
20170711182,40.065
20170711192,41.09
20170711202,37.645
20170711212,36.255
20170711222,34.555
20170711232,32.51
20170712002,30.63
20170712012,24.81
20170712022,22.725
20170712032,20.625
20170712042,16.195
20170712052,14.88
20170712062,14.575
20170712072,17.535
20170712082,19.09
20170712092,21.51
20170712102,26.545
20170712112,31.095
20170712122,37.06
20170712132,36.18
20170712142,38.165
20170712152,39.32
20170712162,36.755
20170712172,35.97
20170712182,36.84
20170712192,39.995
20170712202,37.55
20170712212,35.705
20170712222,32.85
20170712232,32.37
20170713002,30.54
20170713012,25.425
20170713022,23.35
20170713032,18.56
20170713042,15.375
20170713052,15.22
20170713062,13.325
20170713072,14.79
20170713082,18.255
20170713092,19.77
20170713102,26.455
20170713112,27.925
20170713122,32.79
20170713132,31.41
20170713142,36.62
20170713152,36.015
20170713162,34.98
20170713172,32.91
20170713182,33.1
20170713192,36.365
20170713202,36.52
20170713212,33.465
20170713222,31.375
20170713232,31.41
20170714002,29.67
20170714012,23.915
20170714022,22.05
20170714032,18.01
20170714042,15.515
20170714052,13.72
20170714062,13.985
20170714072,16.065
20170714082,16.065
20170714092,19.615
20170714102,25.24
20170714112,30.005
20170714122,33.875
20170714132,30.545
20170714142,33.845
20170714152,33.72
20170714162,32.645
20170714172,32.74
20170714182,33.12
20170714192,32.67
20170714202,32.87
20170714212,31.315
20170714222,28.905
20170714232,27.745
20170715002,25.88
20170715012,21.35
20170715022,20.0
20170715032,14.61
20170715042,12.755
20170715052,12.94
20170715062,12.125
20170715072,12.005
20170715082,12.085
20170715092,13.395
20170715102,15.52
20170715112,16.9
20170715122,17.99
20170715132,14.9
20170715142,15.09
20170715152,14.1
20170715162,16.15
20170715172,17.365
20170715182,17.71
20170715192,18.795
20170715202,18.945
20170715212,17.545
20170715222,18.57
20170715232,17.155
20170716002,18.28
20170716012,14.925
20170716022,14.06
20170716032,12.89
20170716042,11.525
20170716052,11.025
20170716062,9.685
20170716072,10.33
20170716082,10.885
20170716092,11.075
20170716102,13.405
20170716112,15.64
20170716122,16.25
20170716132,15.1
20170716142,14.615
20170716152,15.365
20170716162,16.835
20170716172,16.24
20170716182,18.01
20170716192,18.955
20170716202,17.155
20170716212,17.515
20170716222,20.3
20170716232,19.485
20170717002,18.515
20170717012,17.2
20170717022,14.445
20170717032,12.185
20170717042,12.795
20170717052,12.28
20170717062,13.4
20170717072,14.915
20170717082,16.605
20170717092,19.825
20170717102,25.045
20170717112,28.57
20170717122,31.625
20170717132,30.68
20170717142,33.72
20170717152,35.735
20170717162,35.515
20170717172,35.73
20170717182,36.525
20170717192,36.91
20170717202,36.115
20170717212,34.88
20170717222,34.695
20170717232,32.79
20170718002,30.84
20170718012,29.04
20170718022,24.885
20170718032,19.28
20170718042,17.13
20170718052,14.295
20170718062,15.65
20170718072,17.015
20170718082,18.795
20170718092,19.585
20170718102,27.53
20170718112,30.535
20170718122,33.92
20170718132,33.835
20170718142,36.365
20170718152,36.1
20170718162,36.15
20170718172,37.695
20170718182,38.975
20170718192,39.885
20170718202,38.0
20170718212,36.205
20170718222,34.385
20170718232,32.495
20170719002,30.025
20170719012,26.9
20170719022,23.885
20170719032,21.005
20170719042,16.73
20170719052,14.755
20170719062,15.345
20170719072,16.975
20170719082,16.9
20170719092,18.365
20170719102,27.1
20170719112,29.6
20170719122,33.065
20170719132,32.425
20170719142,36.2
20170719152,36.64
20170719162,34.575
20170719172,34.43
20170719182,36.855
20170719192,40.34
20170719202,39.175
20170719212,36.525
20170719222,33.455
20170719232,32.015
20170720002,34.405
20170720012,25.51
20170720022,24.03
20170720032,19.17
20170720042,16.705
20170720052,16.415
20170720062,14.67
20170720072,16.48
20170720082,18.12
20170720092,20.75
20170720102,27.52
20170720112,31.34
20170720122,33.385
20170720132,33.855
20170720142,38.565
20170720152,39.145
20170720162,35.485
20170720172,36.055
20170720182,36.83
20170720192,40.825
20170720202,37.18
20170720212,34.33
20170720222,32.775
20170720232,32.34
20170721002,30.975
20170721012,25.585
20170721022,22.915
20170721032,19.26
20170721042,16.305
20170721052,15.32
20170721062,15.685
20170721072,16.67
20170721082,16.46
20170721092,18.535
20170721102,26.425
20170721112,28.805
20170721122,32.71
20170721132,32.355
20170721142,36.64
20170721152,35.655
20170721162,33.665
20170721172,32.66
20170721182,33.6
20170721192,35.345
20170721202,34.695
20170721212,32.63
20170721222,30.02
20170721232,29.04
20170722002,24.92
20170722012,21.865
20170722022,20.065
20170722032,15.535
20170722042,12.73
20170722052,11.085
20170722062,10.655
20170722072,10.43
20170722082,11.46
20170722092,12.765
20170722102,15.41
20170722112,16.06
20170722122,15.97
20170722132,16.76
20170722142,17.325
20170722152,16.26
20170722162,16.745
20170722172,18.5
20170722182,19.135
20170722192,19.1
20170722202,19.195
20170722212,19.805
20170722222,19.54
20170722232,19.53
20170723002,19.795
20170723012,15.96
20170723022,13.945
20170723032,13.185
20170723042,11.105
20170723052,10.72
20170723062,10.27
20170723072,9.255
20170723082,11.79
20170723092,12.125
20170723102,13.795
20170723112,14.885
20170723122,15.535
20170723132,15.725
20170723142,14.995
20170723152,16.015
20170723162,16.965
20170723172,18.255
20170723182,18.15
20170723192,19.2
20170723202,18.64
20170723212,19.99
20170723222,21.34
20170723232,20.565
20170724002,21.585
20170724012,18.17
20170724022,15.54
20170724032,13.815
20170724042,12.595
20170724052,11.995
20170724062,13.065
20170724072,14.125
20170724082,15.47
20170724092,17.56
20170724102,23.705
20170724112,23.795
20170724122,27.685
20170724132,29.43
20170724142,31.065
20170724152,31.65
20170724162,31.84
20170724172,33.81
20170724182,35.13
20170724192,38.19
20170724202,37.74
20170724212,33.555
20170724222,33.58
20170724232,33.89
20170725002,30.365
20170725012,27.785
20170725022,24.45
20170725032,19.985
20170725042,17.75
20170725052,16.145
20170725062,16.25
20170725072,18.03
20170725082,18.06
20170725092,18.87
20170725102,23.625
20170725112,28.25
20170725122,32.675
20170725132,33.415
20170725142,36.53
20170725152,37.07
20170725162,35.695
20170725172,36.61
20170725182,40.25
20170725192,40.505
20170725202,38.615
20170725212,34.27
20170725222,31.97
20170725232,33.655
20170726002,30.42
20170726012,26.435
20170726022,23.445
20170726032,20.46
20170726042,17.06
20170726052,16.275
20170726062,16.275
20170726072,17.805
20170726082,18.005
20170726092,20.795
20170726102,25.015
20170726112,30.08
20170726122,32.225
20170726132,29.2
20170726142,33.36
20170726152,34.92
20170726162,33.39
20170726172,33.1
20170726182,34.86
20170726192,37.785
20170726202,37.43
20170726212,34.225
20170726222,33.24
20170726232,31.865
20170727002,31.465
20170727012,24.625
20170727022,23.97
20170727032,20.4
20170727042,15.905
20170727052,14.8
20170727062,15.305
20170727072,16.4
20170727082,18.755
20170727092,20.375
20170727102,23.475
20170727112,27.16
20170727122,31.405
20170727132,28.925
20170727142,34.58
20170727152,34.645
20170727162,33.29
20170727172,34.455
20170727182,35.505
20170727192,36.62
20170727202,36.215
20170727212,31.515
20170727222,30.2
20170727232,32.59
20170728002,30.235
20170728012,27.03
20170728022,23.14
20170728032,19.59
20170728042,15.41
20170728052,15.09
20170728062,15.91
20170728072,17.35
20170728082,16.78
20170728092,18.01
20170728102,23.395
20170728112,27.09
20170728122,29.72
20170728132,30.08
20170728142,33.145
20170728152,32.41
20170728162,30.31
20170728172,30.41
20170728182,31.99
20170728192,33.04
20170728202,32.645
20170728212,30.11
20170728222,28.44
20170728232,28.61
20170729002,24.535
20170729012,20.7
20170729022,18.93
20170729032,15.22
20170729042,12.49
20170729052,11.74
20170729062,11.17
20170729072,10.685
20170729082,11.8
20170729092,12.77
20170729102,14.09
20170729112,14.82
20170729122,14.6
20170729132,15.645
20170729142,15.54
20170729152,15.555
20170729162,16.565
20170729172,17.455
20170729182,18.635
20170729192,18.39
20170729202,19.025
20170729212,19.32
20170729222,19.195
20170729232,19.47
20170730002,19.08
20170730012,17.4
20170730022,15.025
20170730032,13.215
20170730042,10.995
20170730052,11.215
20170730062,11.46
20170730072,10.585
20170730082,11.62
20170730092,11.39
20170730102,13.465
20170730112,13.55
20170730122,14.585
20170730132,15.02
20170730142,14.59
20170730152,15.25
20170730162,15.87
20170730172,17.505
20170730182,18.145
20170730192,18.865
20170730202,18.525
20170730212,19.435
20170730222,19.55
20170730232,19.9
20170731002,21.055
20170731012,18.39
20170731022,14.825
20170731032,13.315
20170731042,11.355
20170731052,12.01
20170731062,12.785
20170731072,14.35
20170731082,15.61
20170731092,16.885
20170731102,23.635
20170731112,23.465
20170731122,27.04
20170731132,28.61
20170731142,29.835
20170731152,30.02
20170731162,30.62
20170731172,32.295
20170731182,34.02
20170731192,35.495
20170731202,34.96
20170731212,31.795
20170731222,31.41
20170731232,30.66
20170801002,28.185
20170801012,27.14
20170801022,21.99
20170801032,18.155
20170801042,15.44
20170801052,15.46
20170801062,15.435
20170801072,18.265
20170801082,18.515
20170801092,17.94
20170801102,23.915
20170801112,28.66
20170801122,30.885
20170801132,30.505
20170801142,32.63
20170801152,33.36
20170801162,33.775
20170801172,32.625
20170801182,34.605
20170801192,36.025
20170801202,34.765
20170801212,33.355
20170801222,31.51
20170801232,32.42
20170802002,30.82
20170802012,26.03
20170802022,21.265
20170802032,19.05
20170802042,16.87
20170802052,15.595
20170802062,16.0
20170802072,17.125
20170802082,18.56
20170802092,20.515
20170802102,26.03
20170802112,28.75
20170802122,32.545
20170802132,31.81
20170802142,34.63
20170802152,33.755
20170802162,33.47
20170802172,34.31
20170802182,34.3
20170802192,34.925
20170802202,35.01
20170802212,34.35
20170802222,32.31
20170802232,30.56
20170803002,28.005
20170803012,25.46
20170803022,22.965
20170803032,18.625
20170803042,15.985
20170803052,13.92
20170803062,14.415
20170803072,14.945
20170803082,17.315
20170803092,19.495
20170803102,24.705
20170803112,27.06
20170803122,29.175
20170803132,28.995
20170803142,32.155
20170803152,32.18
20170803162,31.205
20170803172,30.96
20170803182,31.92
20170803192,34.895
20170803202,34.985
20170803212,31.875
20170803222,27.765
20170803232,28.325
20170804002,26.775
20170804012,25.55
20170804022,21.67
20170804032,16.425
20170804042,14.74
20170804052,14.025
20170804062,14.715
20170804072,15.63
20170804082,15.46
20170804092,17.25
20170804102,23.68
20170804112,24.905
20170804122,27.36
20170804132,26.1
20170804142,29.14
20170804152,29.84
20170804162,29.685
20170804172,28.91
20170804182,29.745
20170804192,30.005
20170804202,31.32
20170804212,29.39
20170804222,27.35
20170804232,25.1
20170805002,24.235
20170805012,21.78
20170805022,19.425
20170805032,15.4
20170805042,11.635
20170805052,11.81
20170805062,11.21
20170805072,11.165
20170805082,11.91
20170805092,12.6
20170805102,15.61
20170805112,16.225
20170805122,15.645
20170805132,13.825
20170805142,13.025
20170805152,12.5
20170805162,14.205
20170805172,15.185
20170805182,15.56
20170805192,16.57
20170805202,16.605
20170805212,15.595
20170805222,16.66
20170805232,17.28
20170806002,14.855
20170806012,14.005
20170806022,12.745
20170806032,13.065
20170806042,11.465
20170806052,10.24
20170806062,8.88
20170806072,10.645
20170806082,11.75
20170806092,11.225
20170806102,13.73
20170806112,16.44
20170806122,14.91
20170806132,15.315
20170806142,15.51
20170806152,16.735
20170806162,18.455
20170806172,18.34
20170806182,16.945
20170806192,18.89
20170806202,17.125
20170806212,17.38
20170806222,18.12
20170806232,18.195
20170807002,19.985
20170807012,18.875
20170807022,15.86
20170807032,14.34
20170807042,13.31
20170807052,13.165
20170807062,13.23
20170807072,14.785
20170807082,17.6
20170807092,20.245
20170807102,23.2
20170807112,28.78
20170807122,29.765
20170807132,29.695
20170807142,31.81
20170807152,32.94
20170807162,32.165
20170807172,31.445
20170807182,31.315
20170807192,33.17
20170807202,33.375
20170807212,32.475
20170807222,31.2
20170807232,32.32
20170808002,30.805
20170808012,27.795
20170808022,22.555
20170808032,18.41
20170808042,15.74
20170808052,15.495
20170808062,15.47
20170808072,18.355
20170808082,18.925
20170808092,18.245
20170808102,25.22
20170808112,29.84
20170808122,32.525
20170808132,32.84
20170808142,34.22
20170808152,35.875
20170808162,35.73
20170808172,33.64
20170808182,36.385
20170808192,37.05
20170808202,35.9
20170808212,34.085
20170808222,33.27
20170808232,33.685
20170809002,31.21
20170809012,25.115
20170809022,22.05
20170809032,20.35
20170809042,16.315
20170809052,15.495
20170809062,15.25
20170809072,17.49
20170809082,19.465
20170809092,21.005
20170809102,25.975
20170809112,30.9
20170809122,35.775
20170809132,34.97
20170809142,37.74
20170809152,37.485
20170809162,36.165
20170809172,36.155
20170809182,36.28
20170809192,37.89
20170809202,37.25
20170809212,35.955
20170809222,32.765
20170809232,31.905
20170810002,30.395
20170810012,25.425
20170810022,23.425
20170810032,18.795
20170810042,15.575
20170810052,15.085
20170810062,15.03
20170810072,16.485
20170810082,19.085
20170810092,18.57
20170810102,26.055
20170810112,28.845
20170810122,33.23
20170810132,30.82
20170810142,35.81
20170810152,34.62
20170810162,33.68
20170810172,31.22
20170810182,32.465
20170810192,36.86
20170810202,36.205
20170810212,31.83
20170810222,30.335
20170810232,30.505
20170811002,29.875
20170811012,23.97
20170811022,22.305
20170811032,18.08
20170811042,15.675
20170811052,14.9
20170811062,15.91
20170811072,17.08
20170811082,16.945
20170811092,19.535
20170811102,24.165
20170811112,28.45
20170811122,31.24
20170811132,30.48
20170811142,32.255
20170811152,33.555
20170811162,32.18
20170811172,31.595
20170811182,32.63
20170811192,33.59
20170811202,31.69
20170811212,30.835
20170811222,29.62
20170811232,27.885
20170812002,25.825
20170812012,22.81
20170812022,20.085
20170812032,15.36
20170812042,13.235
20170812052,13.39
20170812062,11.905
20170812072,10.415
20170812082,11.28
20170812092,12.58
20170812102,15.91
20170812112,17.73
20170812122,18.305
20170812132,16.095
20170812142,14.84
20170812152,14.45
20170812162,15.415
20170812172,16.455
20170812182,17.18
20170812192,17.76
20170812202,17.18
20170812212,15.99
20170812222,17.645
20170812232,16.57
20170813002,16.72
20170813012,14.845
20170813022,13.32
20170813032,13.155
20170813042,11.49
20170813052,11.115
20170813062,9.79
20170813072,11.165
20170813082,11.425
20170813092,11.69
20170813102,12.32
20170813112,15.23
20170813122,14.795
20170813132,14.985
20170813142,14.755
20170813152,16.09
20170813162,16.65
20170813172,17.045
20170813182,19.035
20170813192,20.94
20170813202,17.94
20170813212,18.465
20170813222,20.955
20170813232,19.95
20170814002,18.675
20170814012,16.575
20170814022,14.4
20170814032,13.31
20170814042,12.685
20170814052,11.97
20170814062,12.915
20170814072,14.74
20170814082,16.68
20170814092,19.455
20170814102,24.27
20170814112,27.38
20170814122,30.505
20170814132,29.78
20170814142,35.075
20170814152,39.125
20170814162,38.21
20170814172,37.435
20170814182,37.465
20170814192,38.02
20170814202,35.845
20170814212,36.015
20170814222,35.68
20170814232,33.435
20170815002,30.725
20170815012,26.545
20170815022,23.48
20170815032,19.49
20170815042,17.695
20170815052,15.3
20170815062,15.495
20170815072,17.355
20170815082,18.43
20170815092,18.625
20170815102,27.29
20170815112,33.185
20170815122,36.235
20170815132,35.7
20170815142,37.585
20170815152,36.205
20170815162,36.805
20170815172,39.115
20170815182,40.51
20170815192,40.385
20170815202,37.78
20170815212,36.205
20170815222,33.885
20170815232,31.565
20170816002,29.53
20170816012,24.355
20170816022,22.83
20170816032,20.815
20170816042,16.425
20170816052,14.51
20170816062,14.39
20170816072,17.375
20170816082,18.075
20170816092,20.465
20170816102,26.645
20170816112,31.24
20170816122,36.4
20170816132,35.405
20170816142,37.595
20170816152,39.145
20170816162,36.135
20170816172,35.94
20170816182,37.24
20170816192,39.155
20170816202,37.405
20170816212,35.61
20170816222,32.69
20170816232,31.51
20170817002,30.985
20170817012,25.66
20170817022,23.29
20170817032,18.375
20170817042,15.89
20170817052,15.77
20170817062,13.635
20170817072,14.83
20170817082,17.08
20170817092,20.42
20170817102,26.415
20170817112,27.925
20170817122,32.24
20170817132,30.75
20170817142,35.315
20170817152,36.065
20170817162,34.65
20170817172,32.265
20170817182,33.025
20170817192,36.0
20170817202,36.235
20170817212,33.88
20170817222,31.96
20170817232,32.285
20170818002,28.93
20170818012,23.82
20170818022,22.12
20170818032,18.01
20170818042,15.55
20170818052,14.37
20170818062,14.7
20170818072,16.295
20170818082,15.93
20170818092,19.255
20170818102,26.115
20170818112,29.755
20170818122,32.985
20170818132,30.195
20170818142,33.595
20170818152,33.35
20170818162,32.97
20170818172,32.745
20170818182,33.605
20170818192,32.805
20170818202,33.845
20170818212,31.905
20170818222,29.005
20170818232,28.33
20170819002,25.68
20170819012,21.0
20170819022,20.045
20170819032,14.885
20170819042,13.11
20170819052,12.6
20170819062,11.705
20170819072,11.89
20170819082,12.05
20170819092,13.73
20170819102,16.395
20170819112,17.63
20170819122,18.645
20170819132,16.91
20170819142,17.16
20170819152,16.065
20170819162,17.25
20170819172,18.745
20170819182,19.165
20170819192,18.85
20170819202,19.115
20170819212,19.085
20170819222,19.6
20170819232,18.335
20170820002,18.955
20170820012,14.925
20170820022,14.345
20170820032,12.865
20170820042,11.04
20170820052,10.98
20170820062,9.6
20170820072,9.12
20170820082,11.265
20170820092,11.675
20170820102,14.83
20170820112,16.15
20170820122,17.105
20170820132,15.69
20170820142,15.715
20170820152,16.435
20170820162,17.46
20170820172,17.53
20170820182,18.83
20170820192,19.295
20170820202,18.33
20170820212,19.465
20170820222,21.09
20170820232,20.435
20170821002,18.485
20170821012,18.46
20170821022,15.295
20170821032,12.935
20170821042,13.12
20170821052,12.66
20170821062,13.525
20170821072,14.28
20170821082,14.695
20170821092,17.63
20170821102,24.895
20170821112,26.56
20170821122,32.665
20170821132,32.125
20170821142,33.875
20170821152,34.45
20170821162,34.825
20170821172,35.97
20170821182,37.145
20170821192,37.825
20170821202,37.715
20170821212,35.105
20170821222,35.7
20170821232,33.83
20170822002,30.855
20170822012,29.145
20170822022,25.21
20170822032,20.015
20170822042,17.835
20170822052,15.22
20170822062,15.815
20170822072,17.26
20170822082,18.08
20170822092,19.67
20170822102,27.75
20170822112,29.645
20170822122,33.55
20170822132,33.87
20170822142,37.175
20170822152,36.885
20170822162,36.015
20170822172,37.295
20170822182,39.615
20170822192,41.595
20170822202,39.25
20170822212,36.355
20170822222,34.66
20170822232,33.325
20170823002,31.225
20170823012,26.27
20170823022,23.825
20170823032,20.79
20170823042,16.445
20170823052,14.595
20170823062,15.555
20170823072,17.16
20170823082,17.355
20170823092,18.91
20170823102,25.705
20170823112,29.29
20170823122,32.895
20170823132,30.845
20170823142,36.155
20170823152,36.75
20170823162,33.99
20170823172,33.54
20170823182,35.965
20170823192,39.95
20170823202,39.15
20170823212,35.705
20170823222,32.56
20170823232,31.43
20170824002,30.815
20170824012,24.875
20170824022,23.32
20170824032,19.42
20170824042,16.04
20170824052,15.64
20170824062,14.775
20170824072,15.9
20170824082,18.645
20170824092,19.79
20170824102,24.98
20170824112,30.115
20170824122,32.39
20170824132,32.245
20170824142,37.315
20170824152,37.61
20170824162,34.315
20170824172,34.74
20170824182,35.085
20170824192,38.2
20170824202,36.185
20170824212,32.895
20170824222,31.5
20170824232,31.4
20170825002,29.28
20170825012,25.235
20170825022,22.535
20170825032,20.185
20170825042,16.0
20170825052,15.15
20170825062,15.13
20170825072,16.24
20170825082,15.825
20170825092,17.94
20170825102,24.01
20170825112,27.01
20170825122,30.495
20170825132,30.8
20170825142,34.16
20170825152,33.645
20170825162,31.495
20170825172,30.1
20170825182,30.925
20170825192,32.81
20170825202,33.41
20170825212,30.73
20170825222,28.26
20170825232,28.645
20170826002,24.025
20170826012,20.635
20170826022,19.345
20170826032,14.78
20170826042,11.945
20170826052,11.19
20170826062,10.795
20170826072,9.84
20170826082,11.145
20170826092,12.355
20170826102,13.805
20170826112,14.76
20170826122,14.15
20170826132,15.41
20170826142,15.43
20170826152,14.495
20170826162,15.48
20170826172,16.98
20170826182,17.745
20170826192,17.04
20170826202,17.395
20170826212,18.3
20170826222,18.315
20170826232,18.03
20170827002,18.69
20170827012,16.375
20170827022,14.055
20170827032,12.805
20170827042,10.61
20170827052,10.175
20170827062,10.28
20170827072,9.35
20170827082,10.36
20170827092,10.69
20170827102,13.03
20170827112,13.295
20170827122,14.91
20170827132,15.86
20170827142,14.945
20170827152,15.445
20170827162,16.265
20170827172,17.18
20170827182,17.405
20170827192,18.79
20170827202,18.73
20170827212,20.045
20170827222,19.88
20170827232,19.71
20170828002,21.105
20170828012,17.77
20170828022,14.09
20170828032,12.92
20170828042,11.36
20170828052,11.74
20170828062,12.64
20170828072,14.295
20170828082,15.33
20170828092,16.625
20170828102,23.5
20170828112,22.825
20170828122,26.54
20170828132,28.22
20170828142,29.495
20170828152,29.9
20170828162,31.12
20170828172,33.15
20170828182,34.94
20170828192,36.845
20170828202,35.75
20170828212,32.665
20170828222,32.465
20170828232,32.295
20170829002,29.295
20170829012,27.5
20170829022,23.935
20170829032,19.61
20170829042,17.23
20170829052,16.1
20170829062,16.04
20170829072,18.245
20170829082,18.415
20170829092,19.37
20170829102,22.975
20170829112,28.39
20170829122,32.87
20170829132,32.805
20170829142,36.355
20170829152,37.035
20170829162,35.46
20170829172,36.035
20170829182,38.595
20170829192,39.27
20170829202,37.28
20170829212,33.3
20170829222,31.45
20170829232,33.085
20170830002,30.635
20170830012,26.75
20170830022,23.895
20170830032,19.865
20170830042,16.22
20170830052,14.96
20170830062,15.66
20170830072,17.955
20170830082,18.095
20170830092,19.41
20170830102,24.86
20170830112,30.025
20170830122,31.7
20170830132,29.28
20170830142,32.86
20170830152,34.285
20170830162,33.155
20170830172,33.33
20170830182,34.555
20170830192,36.705
20170830202,36.89
20170830212,33.985
20170830222,32.92
20170830232,30.295
20170831002,31.315
20170831012,24.815
20170831022,23.395
20170831032,19.7
20170831042,14.86
20170831052,13.495
20170831062,14.98
20170831072,16.125
20170831082,17.8
20170831092,19.865
20170831102,22.855
20170831112,25.715
20170831122,30.07
20170831132,27.635
20170831142,32.28
20170831152,32.46
20170831162,31.225
20170831172,33.495
20170831182,35.02
20170831192,35.865
20170831202,34.76
20170831212,30.415
20170831222,29.33
20170831232,30.68
20170901002,26.73
20170901012,26.71
20170901022,22.355
20170901032,17.725
20170901042,15.215
20170901052,14.4
20170901062,14.775
20170901072,15.275
20170901082,15.8
20170901092,17.875
20170901102,24.52
20170901112,24.62
20170901122,27.57
20170901132,26.45
20170901142,29.62
20170901152,30.23
20170901162,29.585
20170901172,29.54
20170901182,30.495
20170901192,30.96
20170901202,32.145
20170901212,30.415
20170901222,27.375
20170901232,24.555
20170902002,24.29
20170902012,23.925
20170902022,19.77
20170902032,15.93
20170902042,12.195
20170902052,12.255
20170902062,11.745
20170902072,11.95
20170902082,12.88
20170902092,14.825
20170902102,17.925
20170902112,17.725
20170902122,17.045
20170902132,15.58
20170902142,15.395
20170902152,14.55
20170902162,15.33
20170902172,15.08
20170902182,15.48
20170902192,17.54
20170902202,18.98
20170902212,18.855
20170902222,18.205
20170902232,18.56
20170903002,14.34
20170903012,14.255
20170903022,12.68
20170903032,13.455
20170903042,11.96
20170903052,10.51
20170903062,9.215
20170903072,10.93
20170903082,10.985
20170903092,11.28
20170903102,14.325
20170903112,16.46
20170903122,14.54
20170903132,14.625
20170903142,15.38
20170903152,16.2
20170903162,16.98
20170903172,17.205
20170903182,18.735
20170903192,19.435
20170903202,17.89
20170903212,17.79
20170903222,19.22
20170903232,18.84
20170904002,21.475
20170904012,19.58
20170904022,15.8
20170904032,14.35
20170904042,13.205
20170904052,12.735
20170904062,12.49
20170904072,14.775
20170904082,17.68
20170904092,19.345
20170904102,22.64
20170904112,28.945
20170904122,29.08
20170904132,28.53
20170904142,30.565
20170904152,31.21
20170904162,30.355
20170904172,29.085
20170904182,29.14
20170904192,30.865
20170904202,31.82
20170904212,31.29
20170904222,29.765
20170904232,31.455
20170905002,30.555
20170905012,27.35
20170905022,22.185
20170905032,17.99
20170905042,15.17
20170905052,15.37
20170905062,15.49
20170905072,18.895
20170905082,18.485
20170905092,17.175
20170905102,24.52
20170905112,29.005
20170905122,31.24
20170905132,31.39
20170905142,33.615
20170905152,34.565
20170905162,34.98
20170905172,33.235
20170905182,36.13
20170905192,36.615
20170905202,35.83
20170905212,33.985
20170905222,32.435
20170905232,33.685
20170906002,31.84
20170906012,25.225
20170906022,21.215
20170906032,19.36
20170906042,16.605
20170906052,15.285
20170906062,15.205
20170906072,17.42
20170906082,19.37
20170906092,20.655
20170906102,26.185
20170906112,30.845
20170906122,35.42
20170906132,34.805
20170906142,37.4
20170906152,36.285
20170906162,36.05
20170906172,35.9
20170906182,35.995
20170906192,36.785
20170906202,37.05
20170906212,35.795
20170906222,33.52
20170906232,32.21
20170907002,31.275
20170907012,26.815
20170907022,23.89
20170907032,19.38
20170907042,15.22
20170907052,15.065
20170907062,15.59
20170907072,17.185
20170907082,19.76
20170907092,18.76
20170907102,26.175
20170907112,28.835
20170907122,33.415
20170907132,31.26
20170907142,37.01
20170907152,34.925
20170907162,34.47
20170907172,32.35
20170907182,33.93
20170907192,38.135
20170907202,37.22
20170907212,32.775
20170907222,30.525
20170907232,30.84
20170908002,29.925
20170908012,24.995
20170908022,23.42
20170908032,18.145
20170908042,16.485
20170908052,15.935
20170908062,16.92
20170908072,17.63
20170908082,17.185
20170908092,19.895
20170908102,24.705
20170908112,29.005
20170908122,31.835
20170908132,31.135
20170908142,32.185
20170908152,32.54
20170908162,31.585
20170908172,30.855
20170908182,31.875
20170908192,33.66
20170908202,31.94
20170908212,31.2
20170908222,29.62
20170908232,27.78
20170909002,25.445
20170909012,23.09
20170909022,20.145
20170909032,15.39
20170909042,12.12
20170909052,12.63
20170909062,11.815
20170909072,9.93
20170909082,10.735
20170909092,12.035
20170909102,15.915
20170909112,17.855
20170909122,18.58
20170909132,16.54
20170909142,14.245
20170909152,14.24
20170909162,15.39
20170909172,16.13
20170909182,16.145
20170909192,17.55
20170909202,17.605
20170909212,15.91
20170909222,18.39
20170909232,16.48
20170910002,17.315
20170910012,14.7
20170910022,12.72
20170910032,12.98
20170910042,12.18
20170910052,11.495
20170910062,10.345
20170910072,11.72
20170910082,12.555
20170910092,12.235
20170910102,12.58
20170910112,15.225
20170910122,14.515
20170910132,15.22
20170910142,15.265
20170910152,16.345
20170910162,16.94
20170910172,16.93
20170910182,18.625
20170910192,21.49
20170910202,19.505
20170910212,18.225
20170910222,20.105
20170910232,19.345
20170911002,18.81
20170911012,16.515
20170911022,15.475
20170911032,13.95
20170911042,12.42
20170911052,12.505
20170911062,13.775
20170911072,15.095
20170911082,17.275
20170911092,21.13
20170911102,24.765
20170911112,28.29
20170911122,30.375
20170911132,30.87
20170911142,36.4
20170911152,41.19
20170911162,38.725
20170911172,37.67
20170911182,37.655
20170911192,38.655
20170911202,36.47
20170911212,36.12
20170911222,35.72
20170911232,33.535
20170912002,31.74
20170912012,27.215
20170912022,23.575
20170912032,19.17
20170912042,17.255
20170912052,15.085
20170912062,15.14
20170912072,17.555
20170912082,18.38
20170912092,18.57
20170912102,26.715
20170912112,33.615
20170912122,36.905
20170912132,36.64
20170912142,37.96
20170912152,37.255
20170912162,37.905
20170912172,39.585
20170912182,40.33
20170912192,41.165
20170912202,37.825
20170912212,36.59
20170912222,34.72
20170912232,32.415
20170913002,30.375
20170913012,24.52
20170913022,23.05
20170913032,20.92
20170913042,16.475
20170913052,14.72
20170913062,14.27
20170913072,17.55
20170913082,19.325
20170913092,21.655
20170913102,26.855
20170913112,31.36
20170913122,37.605
20170913132,36.82
20170913142,38.69
20170913152,39.925
20170913162,36.885
20170913172,36.41
20170913182,37.15
20170913192,40.325
20170913202,37.76
20170913212,35.88
20170913222,33.075
20170913232,32.46
20170914002,30.85
20170914012,25.795
20170914022,23.41
20170914032,18.665
20170914042,15.525
20170914052,15.655
20170914062,13.2
20170914072,14.845
20170914082,18.305
20170914092,20.1
20170914102,26.29
20170914112,27.505
20170914122,32.555
20170914132,31.035
20170914142,36.22
20170914152,36.22
20170914162,34.77
20170914172,32.395
20170914182,32.565
20170914192,35.78
20170914202,35.895
20170914212,33.46
20170914222,31.27
20170914232,31.595
20170915002,29.48
20170915012,24.13
20170915022,22.08
20170915032,18.07
20170915042,15.62
20170915052,13.635
20170915062,13.985
20170915072,16.385
20170915082,16.145
20170915092,19.76
20170915102,25.52
20170915112,30.95
20170915122,34.485
20170915132,30.765
20170915142,34.065
20170915152,33.965
20170915162,33.02
20170915172,33.02
20170915182,33.49
20170915192,32.505
20170915202,33.33
20170915212,31.845
20170915222,28.94
20170915232,27.785
20170916002,25.955
20170916012,21.0
20170916022,19.845
20170916032,13.785
20170916042,12.435
20170916052,12.55
20170916062,12.025
20170916072,11.975
20170916082,11.935
20170916092,12.985
20170916102,15.515
20170916112,16.665
20170916122,17.745
20170916132,14.755
20170916142,14.765
20170916152,13.985
20170916162,15.925
20170916172,17.44
20170916182,17.73
20170916192,18.36
20170916202,17.75
20170916212,17.61
20170916222,18.255
20170916232,16.835
20170917002,18.405
20170917012,14.5
20170917022,14.52
20170917032,12.8
20170917042,11.445
20170917052,11.31
20170917062,9.925
20170917072,10.005
20170917082,10.92
20170917092,11.295
20170917102,13.37
20170917112,15.415
20170917122,15.955
20170917132,14.705
20170917142,14.35
20170917152,14.82
20170917162,16.165
20170917172,15.42
20170917182,17.345
20170917192,18.265
20170917202,17.36
20170917212,17.415
20170917222,20.07
20170917232,19.015
20170918002,18.665
20170918012,17.46
20170918022,14.68
20170918032,12.35
20170918042,12.81
20170918052,12.52
20170918062,13.415
20170918072,15.1
20170918082,16.055
20170918092,19.295
20170918102,25.255
20170918112,28.18
20170918122,32.41
20170918132,31.4
20170918142,33.685
20170918152,35.095
20170918162,35.405
20170918172,35.97
20170918182,36.86
20170918192,36.925
20170918202,36.575
20170918212,35.11
20170918222,35.035
20170918232,33.36
20170919002,31.36
20170919012,29.67
20170919022,25.265
20170919032,19.105
20170919042,17.205
20170919052,14.315
20170919062,15.55
20170919072,16.9
20170919082,18.485
20170919092,19.46
20170919102,27.855
20170919112,30.785
20170919122,33.965
20170919132,34.035
20170919142,36.735
20170919152,36.33
20170919162,35.965
20170919172,37.66
20170919182,39.18
20170919192,41.08
20170919202,38.71
20170919212,36.98
20170919222,35.16
20170919232,32.98
20170920002,30.595
20170920012,26.625
20170920022,24.02
20170920032,20.87
20170920042,16.31
20170920052,14.465
20170920062,15.615
20170920072,16.85
20170920082,17.05
20170920092,18.055
20170920102,26.755
20170920112,29.375
20170920122,32.67
20170920132,32.055
20170920142,36.365
20170920152,36.62
20170920162,34.195
20170920172,34.255
20170920182,36.71
20170920192,40.89
20170920202,39.3
20170920212,36.99
20170920222,33.625
20170920232,32.035
20170921002,33.335
20170921012,25.635
20170921022,23.99
20170921032,19.1
20170921042,16.55
20170921052,16.585
20170921062,14.675
20170921072,16.465
20170921082,18.415
20170921092,20.51
20170921102,26.615
20170921112,31.34
20170921122,33.135
20170921132,34.17
20170921142,38.805
20170921152,39.36
20170921162,35.19
20170921172,36.125
20170921182,36.665
20170921192,41.35
20170921202,36.995
20170921212,34.505
20170921222,32.745
20170921232,32.075
20170922002,30.29
20170922012,25.675
20170922022,22.855
20170922032,19.855
20170922042,16.605
20170922052,15.38
20170922062,15.46
20170922072,16.64
20170922082,16.3
20170922092,18.38
20170922102,25.995
20170922112,28.8
20170922122,32.68
20170922132,32.31
20170922142,37.495
20170922152,36.49
20170922162,33.78
20170922172,32.54
20170922182,33.295
20170922192,35.5
20170922202,34.74
20170922212,32.485
20170922222,29.49
20170922232,29.3
20170923002,25.61
20170923012,21.67
20170923022,20.08
20170923032,15.655
20170923042,12.58
20170923052,10.855
20170923062,10.45
20170923072,10.335
20170923082,11.35
20170923092,12.55
20170923102,14.74
20170923112,15.2
20170923122,14.505
20170923132,15.81
20170923142,16.475
20170923152,15.68
20170923162,15.96
20170923172,17.9
20170923182,18.24
20170923192,18.245
20170923202,18.365
20170923212,19.215
20170923222,18.99
20170923232,18.895
20170924002,19.18
20170924012,16.01
20170924022,14.635
20170924032,13.15
20170924042,10.87
20170924052,10.605
20170924062,10.305
20170924072,9.405
20170924082,11.245
20170924092,11.635
20170924102,13.295
20170924112,14.225
20170924122,14.485
20170924132,15.365
20170924142,14.195
20170924152,15.3
20170924162,16.345
20170924172,17.565
20170924182,17.34
20170924192,18.615
20170924202,18.695
20170924212,19.795
20170924222,20.765
20170924232,20.325
20170925002,21.48
20170925012,17.65
20170925022,14.835
20170925032,13.765
20170925042,12.16
20170925052,11.79
20170925062,12.72
20170925072,14.295
20170925082,15.59
20170925092,17.07
20170925102,22.915
20170925112,22.625
20170925122,26.145
20170925132,28.375
20170925142,29.415
20170925152,29.895
20170925162,30.635
20170925172,33.28
20170925182,35.15
20170925192,38.11
20170925202,37.495
20170925212,33.51
20170925222,33.76
20170925232,34.34
20170926002,30.28
20170926012,28.2
20170926022,24.625
20170926032,20.23
20170926042,17.73
20170926052,16.455
20170926062,16.42
20170926072,17.885
20170926082,17.865
20170926092,18.815
20170926102,22.88
20170926112,28.02
20170926122,32.735
20170926132,33.415
20170926142,36.585
20170926152,37.32
20170926162,35.765
20170926172,36.935
20170926182,40.455
20170926192,40.73
20170926202,38.72
20170926212,34.08
20170926222,31.795
20170926232,33.915
20170927002,30.585
20170927012,26.735
20170927022,23.12
20170927032,20.475
20170927042,17.175
20170927052,16.09
20170927062,16.215
20170927072,18.145
20170927082,18.21
20170927092,20.59
20170927102,24.785
20170927112,30.43
20170927122,32.405
20170927132,29.02
20170927142,32.885
20170927152,34.415
20170927162,33.54
20170927172,33.35
20170927182,34.815
20170927192,37.46
20170927202,37.325
20170927212,34.505
20170927222,33.63
20170927232,31.965
20170928002,32.135
20170928012,24.99
20170928022,24.26
20170928032,21.215
20170928042,16.215
20170928052,14.86
20170928062,15.895
20170928072,16.92
20170928082,18.87
20170928092,20.635
20170928102,23.65
20170928112,27.215
20170928122,31.665
20170928132,28.585
20170928142,33.425
20170928152,33.705
20170928162,33.395
20170928172,35.145
20170928182,36.025
20170928192,37.015
20170928202,36.205
20170928212,31.69
20170928222,29.99
20170928232,32.435
20170929002,30.74
20170929012,27.135
20170929022,23.01
20170929032,19.38
20170929042,15.165
20170929052,14.81
20170929062,15.93
20170929072,17.1
20170929082,16.555
20170929092,17.945
20170929102,23.615
20170929112,27.245
20170929122,30.245
20170929132,30.93
20170929142,33.935
20170929152,32.72
20170929162,30.09
20170929172,30.895
20170929182,32.52
20170929192,33.225
20170929202,33.015
20170929212,30.06
20170929222,28.59
20170929232,28.365
20170930002,25.245
20170930012,20.885
20170930022,18.74
20170930032,14.89
20170930042,12.28
20170930052,11.605
20170930062,11.43
20170930072,10.95
20170930082,11.67
20170930092,12.335
20170930102,14.205
20170930112,14.805
20170930122,14.615
20170930132,15.705
20170930142,15.63
20170930152,15.675
20170930162,16.55
20170930172,17.38
20170930182,18.295
20170930192,18.115
20170930202,18.815
20170930212,19.56
20170930222,19.27
20170930232,19.26
20171001002,13.965
20171001012,13.8
20171001022,11.02
20171001032,11.365
20171001042,10.25
20171001052,8.905
20171001062,8.345
20171001072,9.895
20171001082,10.29
20171001092,10.945
20171001102,12.71
20171001112,13.945
20171001122,12.49
20171001132,12.565
20171001142,13.345
20171001152,13.675
20171001162,14.5
20171001172,14.92
20171001182,16.025
20171001192,16.92
20171001202,16.58
20171001212,15.97
20171001222,17.385
20171001232,16.98
20171002002,20.31
20171002012,20.265
20171002022,16.235
20171002032,14.77
20171002042,13.65
20171002052,13.115
20171002062,13.045
20171002072,14.49
20171002082,16.73
20171002092,19.03
20171002102,22.855
20171002112,26.44
20171002122,27.05
20171002132,26.465
20171002142,28.22
20171002152,29.005
20171002162,27.825
20171002172,27.235
20171002182,27.96
20171002192,29.61
20171002202,30.285
20171002212,29.985
20171002222,28.405
20171002232,28.875
20171003002,28.345
20171003012,26.87
20171003022,22.08
20171003032,17.935
20171003042,15.275
20171003052,15.43
20171003062,15.375
20171003072,18.225
20171003082,18.44
20171003092,17.64
20171003102,23.965
20171003112,28.875
20171003122,31.03
20171003132,30.515
20171003142,32.84
20171003152,33.67
20171003162,33.855
20171003172,32.61
20171003182,34.995
20171003192,36.09
20171003202,34.835
20171003212,33.18
20171003222,31.395
20171003232,32.28
20171004002,30.705
20171004012,25.55
20171004022,20.255
20171004032,18.93
20171004042,17.115
20171004052,15.735
20171004062,16.25
20171004072,17.305
20171004082,19.345
20171004092,20.715
20171004102,26.02
20171004112,29.42
20171004122,33.405
20171004132,32.68
20171004142,35.245
20171004152,34.085
20171004162,34.005
20171004172,35.05
20171004182,35.22
20171004192,35.65
20171004202,35.575
20171004212,34.745
20171004222,33.025
20171004232,31.575
20171005002,30.29
20171005012,26.81
20171005022,23.42
20171005032,18.525
20171005042,15.66
20171005052,15.245
20171005062,15.795
20171005072,16.4
20171005082,18.975
20171005092,19.14
20171005102,25.685
20171005112,28.13
20171005122,31.435
20171005132,29.905
20171005142,34.98
20171005152,34.25
20171005162,33.23
20171005172,31.65
20171005182,33.72
20171005192,37.315
20171005202,36.745
20171005212,32.355
20171005222,30.3
20171005232,30.485
20171006002,29.22
20171006012,25.01
20171006022,23.095
20171006032,17.775
20171006042,16.02
20171006052,15.14
20171006062,15.955
20171006072,16.875
20171006082,16.7
20171006092,18.425
20171006102,23.825
20171006112,28.1
20171006122,30.67
20171006132,30.095
20171006142,31.64
20171006152,31.865
20171006162,31.84
20171006172,30.415
20171006182,31.25
20171006192,32.51
20171006202,31.94
20171006212,30.445
20171006222,29.175
20171006232,27.4
20171007002,25.125
20171007012,22.535
20171007022,19.795
20171007032,15.32
20171007042,12.23
20171007052,12.45
20171007062,11.115
20171007072,9.805
20171007082,10.97
20171007092,12.225
20171007102,15.14
20171007112,16.555
20171007122,17.445
20171007132,15.515
20171007142,13.275
20171007152,13.19
20171007162,14.98
20171007172,16.015
20171007182,16.91
20171007192,18.0
20171007202,18.765
20171007212,17.14
20171007222,18.195
20171007232,16.975
20171008002,16.705
20171008012,14.77
20171008022,12.615
20171008032,12.985
20171008042,12.075
20171008052,11.34
20171008062,10.305
20171008072,11.76
20171008082,12.83
20171008092,12.01
20171008102,12.785
20171008112,15.19
20171008122,14.405
20171008132,15.01
20171008142,15.17
20171008152,16.14
20171008162,17.53
20171008172,17.905
20171008182,18.445
20171008192,20.615
20171008202,17.925
20171008212,18.025
20171008222,19.845
20171008232,18.995
20171009002,19.89
20171009012,17.295
20171009022,16.085
20171009032,14.45
20171009042,13.26
20171009052,13.29
20171009062,14.235
20171009072,15.575
20171009082,17.34
20171009092,21.1
20171009102,24.485
20171009112,28.93
20171009122,30.38
20171009132,30.485
20171009142,34.35
20171009152,37.51
20171009162,35.75
20171009172,34.57
20171009182,34.83
20171009192,36.585
20171009202,35.055
20171009212,34.45
20171009222,33.935
20171009232,32.755
20171010002,31.675
20171010012,27.9
20171010022,24.035
20171010032,19.39
20171010042,17.16
20171010052,15.185
20171010062,15.365
20171010072,17.755
20171010082,18.7
20171010092,18.675
20171010102,25.935
20171010112,32.85
20171010122,35.86
20171010132,35.595
20171010142,36.535
20171010152,36.625
20171010162,37.07
20171010172,37.85
20171010182,39.475
20171010192,39.77
20171010202,36.915
20171010212,36.2
20171010222,34.32
20171010232,32.37
20171011002,30.8
20171011012,24.96
20171011022,22.885
20171011032,20.98
20171011042,16.46
20171011052,15.23
20171011062,14.995
20171011072,17.46
20171011082,19.225
20171011092,21.52
20171011102,26.725
20171011112,31.16
20171011122,36.88
20171011132,35.99
20171011142,38.015
20171011152,39.055
20171011162,36.525
20171011172,35.89
20171011182,36.475
20171011192,39.89
20171011202,37.86
20171011212,35.73
20171011222,32.5
20171011232,32.205
20171012002,29.745
20171012012,25.43
20171012022,23.79
20171012032,18.775
20171012042,16.255
20171012052,15.79
20171012062,14.14
20171012072,15.495
20171012082,18.91
20171012092,20.085
20171012102,26.38
20171012112,28.225
20171012122,32.99
20171012132,31.48
20171012142,36.41
20171012152,36.47
20171012162,34.945
20171012172,32.755
20171012182,33.17
20171012192,36.81
20171012202,36.795
20171012212,33.565
20171012222,31.625
20171012232,30.89
20171013002,29.72
20171013012,24.325
20171013022,22.38
20171013032,18.115
20171013042,15.585
20171013052,13.89
20171013062,14.38
20171013072,16.555
20171013082,16.845
20171013092,19.78
20171013102,25.125
20171013112,30.495
20171013122,34.28
20171013132,31.355
20171013142,34.41
20171013152,34.535
20171013162,33.65
20171013172,33.77
20171013182,34.195
20171013192,34.005
20171013202,33.755
20171013212,32.18
20171013222,30.025
20171013232,28.315
20171014002,26.14
20171014012,22.025
20171014022,20.505
20171014032,15.13
20171014042,13.2
20171014052,13.445
20171014062,12.295
20171014072,11.96
20171014082,11.92
20171014092,13.385
20171014102,16.135
20171014112,17.625
20171014122,18.385
20171014132,15.37
20171014142,15.58
20171014152,14.585
20171014162,16.29
20171014172,17.285
20171014182,17.58
20171014192,17.68
20171014202,17.795
20171014212,17.23
20171014222,18.02
20171014232,17.185
20171015002,17.885
20171015012,15.105
20171015022,14.195
20171015032,12.98
20171015042,11.135
20171015052,11.02
20171015062,9.69
20171015072,10.41
20171015082,10.37
20171015092,11.145
20171015102,13.25
20171015112,15.695
20171015122,15.935
20171015132,15.16
20171015142,14.56
20171015152,15.12
20171015162,16.485
20171015172,16.115
20171015182,18.27
20171015192,19.155
20171015202,17.82
20171015212,17.845
20171015222,20.735
20171015232,19.3
20171016002,18.785
20171016012,17.33
20171016022,14.76
20171016032,12.875
20171016042,13.185
20171016052,12.425
20171016062,13.34
20171016072,15.275
20171016082,16.42
20171016092,19.45
20171016102,25.0
20171016112,28.925
20171016122,32.4
20171016132,31.2
20171016142,34.845
20171016152,37.0
20171016162,36.41
20171016172,36.555
20171016182,37.2
20171016192,37.245
20171016202,36.255
20171016212,35.245
20171016222,35.05
20171016232,32.975
20171017002,30.4
20171017012,28.345
20171017022,25.07
20171017032,19.74
20171017042,17.645
20171017052,14.76
20171017062,15.355
20171017072,16.97
20171017082,18.54
20171017092,19.59
20171017102,26.74
20171017112,31.295
20171017122,34.165
20171017132,34.06
20171017142,36.215
20171017152,35.47
20171017162,35.63
20171017172,37.32
20171017182,38.915
20171017192,38.93
20171017202,36.99
20171017212,35.275
20171017222,33.635
20171017232,31.685
20171018002,29.69
20171018012,25.335
20171018022,23.595
20171018032,20.93
20171018042,16.62
20171018052,14.305
20171018062,15.15
20171018072,17.145
20171018082,17.455
20171018092,18.935
20171018102,26.03
20171018112,29.59
20171018122,33.855
20171018132,33.025
20171018142,36.53
20171018152,37.52
20171018162,35.045
20171018172,35.27
20171018182,37.0
20171018192,39.38
20171018202,37.81
20171018212,35.78
20171018222,33.145
20171018232,31.495
20171019002,30.7
20171019012,25.06
20171019022,23.475
20171019032,18.99
20171019042,16.54
20171019052,16.405
20171019062,14.68
20171019072,15.925
20171019082,17.48
20171019092,20.3
20171019102,26.215
20171019112,30.48
20171019122,32.71
20171019132,32.28
20171019142,36.915
20171019152,38.355
20171019162,34.995
20171019172,34.595
20171019182,35.695
20171019192,39.455
20171019202,36.66
20171019212,33.86
20171019222,32.37
20171019232,32.195
20171020002,29.915
20171020012,25.755
20171020022,23.135
20171020032,19.195
20171020042,16.43
20171020052,15.19
20171020062,15.595
20171020072,16.87
20171020082,16.635
20171020092,18.905
20171020102,26.265
20171020112,28.665
20171020122,32.245
20171020132,31.675
20171020142,35.245
20171020152,35.04
20171020162,33.375
20171020172,32.65
20171020182,33.435
20171020192,34.995
20171020202,34.6
20171020212,32.47
20171020222,29.395
20171020232,28.535
20171021002,24.84
20171021012,21.865
20171021022,20.015
20171021032,15.325
20171021042,12.9
20171021052,11.275
20171021062,10.695
20171021072,10.48
20171021082,11.49
20171021092,12.905
20171021102,16.33
20171021112,17.64
20171021122,17.94
20171021132,17.67
20171021142,17.675
20171021152,16.7
20171021162,17.48
20171021172,19.435
20171021182,19.87
20171021192,19.0
20171021202,19.765
20171021212,19.8
20171021222,20.18
20171021232,19.485
20171022002,18.935
20171022012,15.135
20171022022,13.575
20171022032,12.64
20171022042,10.895
20171022052,10.625
20171022062,10.195
20171022072,9.34
20171022082,12.04
20171022092,12.59
20171022102,14.265
20171022112,15.79
20171022122,16.4
20171022132,15.915
20171022142,15.415
20171022152,16.19
20171022162,16.775
20171022172,18.12
20171022182,18.065
20171022192,18.98
20171022202,18.96
20171022212,20.855
20171022222,20.76
20171022232,20.45
20171023002,20.83
20171023012,17.94
20171023022,15.055
20171023032,13.72
20171023042,12.665
20171023052,12.295
20171023062,13.46
20171023072,14.245
20171023082,15.035
20171023092,17.82
20171023102,23.7
20171023112,24.31
20171023122,28.175
20171023132,29.63
20171023142,31.755
20171023152,31.945
20171023162,32.155
20171023172,33.775
20171023182,34.77
20171023192,37.305
20171023202,36.99
20171023212,33.375
20171023222,33.295
20171023232,33.27
20171024002,30.23
20171024012,28.055
20171024022,24.69
20171024032,20.08
20171024042,18.015
20171024052,16.305
20171024062,16.535
20171024072,18.455
20171024082,18.19
20171024092,19.33
20171024102,24.8
20171024112,28.12
20171024122,32.535
20171024132,33.46
20171024142,36.77
20171024152,37.38
20171024162,36.095
20171024172,37.01
20171024182,39.88
20171024192,40.78
20171024202,38.895
20171024212,34.175
20171024222,32.05
20171024232,33.22
20171025002,30.435
20171025012,26.395
20171025022,23.405
20171025032,20.355
20171025042,16.45
20171025052,15.31
20171025062,15.605
20171025072,16.585
20171025082,17.27
20171025092,20.3
20171025102,24.915
20171025112,30.375
20171025122,32.62
20171025132,29.535
20171025142,34.14
20171025152,35.505
20171025162,33.71
20171025172,33.085
20171025182,35.08
20171025192,37.98
20171025202,37.555
20171025212,34.055
20171025222,33.015
20171025232,31.535
20171026002,29.7
20171026012,24.66
20171026022,23.035
20171026032,19.72
20171026042,15.345
20171026052,14.285
20171026062,14.855
20171026072,16.005
20171026082,18.64
20171026092,19.655
20171026102,23.275
20171026112,27.575
20171026122,31.51
20171026132,29.095
20171026142,34.465
20171026152,34.61
20171026162,33.575
20171026172,34.115
20171026182,34.455
20171026192,36.095
20171026202,35.41
20171026212,31.44
20171026222,30.005
20171026232,31.325
20171027002,29.185
20171027012,26.565
20171027022,23.055
20171027032,19.605
20171027042,15.675
20171027052,15.15
20171027062,15.715
20171027072,16.765
20171027082,16.435
20171027092,17.91
20171027102,23.075
20171027112,26.85
20171027122,30.025
20171027132,30.42
20171027142,33.36
20171027152,32.475
20171027162,30.3
20171027172,30.51
20171027182,32.08
20171027192,33.165
20171027202,33.12
20171027212,30.405
20171027222,28.655
20171027232,28.73
20171028002,24.435
20171028012,20.61
20171028022,18.89
20171028032,15.005
20171028042,12.46
20171028052,11.365
20171028062,11.53
20171028072,10.61
20171028082,11.355
20171028092,13.065
20171028102,14.115
20171028112,14.6
20171028122,14.525
20171028132,15.47
20171028142,15.68
20171028152,14.865
20171028162,15.85
20171028172,17.02
20171028182,17.5
20171028192,17.395
20171028202,17.935
20171028212,19.125
20171028222,19.35
20171028232,18.94
20171029002,18.89
20171029012,16.35
20171029022,14.08
20171029032,13.06
20171029042,10.75
20171029052,10.085
20171029062,10.435
20171029072,9.96
20171029082,10.85
20171029092,11.24
20171029102,13.295
20171029112,13.565
20171029122,15.02
20171029132,15.665
20171029142,15.0
20171029152,15.275
20171029162,15.92
20171029172,16.94
20171029182,17.03
20171029192,18.415
20171029202,18.535
20171029212,18.955
20171029222,19.71
20171029232,19.12
20171030002,21.005
20171030012,18.445
20171030022,14.415
20171030032,13.665
20171030042,11.865
20171030052,12.495
20171030062,13.425
20171030072,14.905
20171030082,15.85
20171030092,16.95
20171030102,23.52
20171030112,23.24
20171030122,27.005
20171030132,28.615
20171030142,29.965
20171030152,29.975
20171030162,30.685
20171030172,32.29
20171030182,34.115
20171030192,35.71
20171030202,35.2
20171030212,32.105
20171030222,31.53
20171030232,30.98
20171031002,28.715
20171031012,26.295
20171031022,23.355
20171031032,18.45
20171031042,16.675
20171031052,15.105
20171031062,15.225
20171031072,17.9
20171031082,18.135
20171031092,19.62
20171031102,23.21
20171031112,27.92
20171031122,31.63
20171031132,31.985
20171031142,34.935
20171031152,35.515
20171031162,34.07
20171031172,34.45
20171031182,36.575
20171031192,36.965
20171031202,35.81
20171031212,32.24
20171031222,30.94
20171031232,31.75
20170701003,17.53
20170701013,13.415
20170701023,11.595
20170701033,8.935
20170701043,7.245
20170701053,6.87
20170701063,6.99
20170701073,8.26
20170701083,11.995
20170701093,15.775
20170701103,19.835
20170701113,20.17
20170701123,20.905
20170701133,19.645
20170701143,19.11
20170701153,16.15
20170701163,15.52
20170701173,16.505
20170701183,16.93
20170701193,17.115
20170701203,22.415
20170701213,19.92
20170701223,19.895
20170701233,18.495
20170702003,13.09
20170702013,12.145
20170702023,7.48
20170702033,7.665
20170702043,6.26
20170702053,5.71
20170702063,6.925
20170702073,8.85
20170702083,10.19
20170702093,10.92
20170702103,15.435
20170702113,17.45
20170702123,17.715
20170702133,16.47
20170702143,16.97
20170702153,16.43
20170702163,17.11
20170702173,23.33
20170702183,38.415
20170702193,33.9
20170702203,28.595
20170702213,26.55
20170702223,27.05
20170702233,26.855
20170703003,27.695
20170703013,16.565
20170703023,10.005
20170703033,8.695
20170703043,6.355
20170703053,6.97
20170703063,8.71
20170703073,9.725
20170703083,11.69
20170703093,13.655
20170703103,21.805
20170703113,22.825
20170703123,25.98
20170703133,22.675
20170703143,24.815
20170703153,22.555
20170703163,20.56
20170703173,20.71
20170703183,23.025
20170703193,23.71
20170703203,21.83
20170703213,20.905
20170703223,19.37
20170703233,18.655
20170704003,16.51
20170704013,12.895
20170704023,9.355
20170704033,8.43
20170704043,7.26
20170704053,7.015
20170704063,6.435
20170704073,8.905
20170704083,11.215
20170704093,14.36
20170704103,18.455
20170704113,23.71
20170704123,25.215
20170704133,26.08
20170704143,29.57
20170704153,27.47
20170704163,23.935
20170704173,24.8
20170704183,26.83
20170704193,26.23
20170704203,21.31
20170704213,20.84
20170704223,21.25
20170704233,19.005
20170705003,16.02
20170705013,13.46
20170705023,10.63
20170705033,9.29
20170705043,6.69
20170705053,6.785
20170705063,7.845
20170705073,9.59
20170705083,16.44
20170705093,20.725
20170705103,23.03
20170705113,23.785
20170705123,24.195
20170705133,22.745
20170705143,22.37
20170705153,23.36
20170705163,22.59
20170705173,24.435
20170705183,24.255
20170705193,22.445
20170705203,19.9
20170705213,19.01
20170705223,19.145
20170705233,18.37
20170706003,14.46
20170706013,10.71
20170706023,8.455
20170706033,7.6
20170706043,6.2
20170706053,6.035
20170706063,7.76
20170706073,7.965
20170706083,9.7
20170706093,13.885
20170706103,19.955
20170706113,22.085
20170706123,22.6
20170706133,18.725
20170706143,19.075
20170706153,22.41
20170706163,24.43
20170706173,24.785
20170706183,22.65
20170706193,18.865
20170706203,19.53
20170706213,18.725
20170706223,16.22
20170706233,15.79
20170707003,15.885
20170707013,13.025
20170707023,8.91
20170707033,7.715
20170707043,6.22
20170707053,6.025
20170707063,7.065
20170707073,8.745
20170707083,11.29
20170707093,13.45
20170707103,18.705
20170707113,23.21
20170707123,23.51
20170707133,21.09
20170707143,22.385
20170707153,35.57
20170707163,31.945
20170707173,27.6
20170707183,25.395
20170707193,22.69
20170707203,20.465
20170707213,19.995
20170707223,19.555
20170707233,16.16
20170708003,14.325
20170708013,11.12
20170708023,9.885
20170708033,8.04
20170708043,6.335
20170708053,5.23
20170708063,5.87
20170708073,7.345
20170708083,10.66
20170708093,15.13
20170708103,16.36
20170708113,17.205
20170708123,23.075
20170708133,16.765
20170708143,16.575
20170708153,16.03
20170708163,15.285
20170708173,16.04
20170708183,16.235
20170708193,17.71
20170708203,20.85
20170708213,20.09
20170708223,20.055
20170708233,17.145
20170709003,12.82
20170709013,8.865
20170709023,5.72
20170709033,5.85
20170709043,4.755
20170709053,4.875
20170709063,4.55
20170709073,6.65
20170709083,8.405
20170709093,9.67
20170709103,11.28
20170709113,10.44
20170709123,14.52
20170709133,13.09
20170709143,12.54
20170709153,11.78
20170709163,11.885
20170709173,11.38
20170709183,13.375
20170709193,12.375
20170709203,14.44
20170709213,14.245
20170709223,14.35
20170709233,11.535
20170710003,11.75
20170710013,9.35
20170710023,7.595
20170710033,7.47
20170710043,6.76
20170710053,6.56
20170710063,7.155
20170710073,8.175
20170710083,10.385
20170710093,14.11
20170710103,19.425
20170710113,23.855
20170710123,27.305
20170710133,25.485
20170710143,24.695
20170710153,27.525
20170710163,23.455
20170710173,22.235
20170710183,20.555
20170710193,20.975
20170710203,20.305
20170710213,20.745
20170710223,17.545
20170710233,17.615
20170711003,15.59
20170711013,12.355
20170711023,10.1
20170711033,9.335
20170711043,9.06
20170711053,8.195
20170711063,7.315
20170711073,10.0
20170711083,11.165
20170711093,13.305
20170711103,20.45
20170711113,22.17
20170711123,22.395
20170711133,23.27
20170711143,25.51
20170711153,27.15
20170711163,25.35
20170711173,28.575
20170711183,64.11
20170711193,52.215
20170711203,38.705
20170711213,29.115
20170711223,27.415
20170711233,24.39
20170712003,17.72
20170712013,13.965
20170712023,11.66
20170712033,11.05
20170712043,8.73
20170712053,8.525
20170712063,9.92
20170712073,12.125
20170712083,16.55
20170712093,20.385
20170712103,24.54
20170712113,29.38
20170712123,30.215
20170712133,27.93
20170712143,27.83
20170712153,28.245
20170712163,27.49
20170712173,24.465
20170712183,24.15
20170712193,22.325
20170712203,21.485
20170712213,22.365
20170712223,21.175
20170712233,19.025
20170713003,16.835
20170713013,12.305
20170713023,9.765
20170713033,7.79
20170713043,6.93
20170713053,7.95
20170713063,8.445
20170713073,9.28
20170713083,10.38
20170713093,13.82
20170713103,21.145
20170713113,23.975
20170713123,25.61
20170713133,21.115
20170713143,24.87
20170713153,24.66
20170713163,21.54
20170713173,22.365
20170713183,20.555
20170713193,21.1
20170713203,23.82
20170713213,25.25
20170713223,20.89
20170713233,18.21
20170714003,16.83
20170714013,13.31
20170714023,10.235
20170714033,8.735
20170714043,7.68
20170714053,7.725
20170714063,8.75
20170714073,10.08
20170714083,12.61
20170714093,14.16
20170714103,19.195
20170714113,23.085
20170714123,24.175
20170714133,21.905
20170714143,21.485
20170714153,26.665
20170714163,25.565
20170714173,23.025
20170714183,23.645
20170714193,24.02
20170714203,23.22
20170714213,21.565
20170714223,19.335
20170714233,17.43
20170715003,14.77
20170715013,11.335
20170715023,10.285
20170715033,8.075
20170715043,6.8
20170715053,6.42
20170715063,6.49
20170715073,6.565
20170715083,11.93
20170715093,14.455
20170715103,17.245
20170715113,18.11
20170715123,23.095
20170715133,15.165
20170715143,18.13
20170715153,17.64
20170715163,16.45
20170715173,17.87
20170715183,16.845
20170715193,27.475
20170715203,30.665
20170715213,32.53
20170715223,27.94
20170715233,18.72
20170716003,15.985
20170716013,10.105
20170716023,7.95
20170716033,6.765
20170716043,5.1
20170716053,4.855
20170716063,4.92
20170716073,7.245
20170716083,10.175
20170716093,10.945
20170716103,13.275
20170716113,12.275
20170716123,15.13
20170716133,15.055
20170716143,13.85
20170716153,13.735
20170716163,14.105
20170716173,13.27
20170716183,15.21
20170716193,14.935
20170716203,18.715
20170716213,17.245
20170716223,17.935
20170716233,16.82
20170717003,11.895
20170717013,10.465
20170717023,7.42
20170717033,7.12
20170717043,6.315
20170717053,6.69
20170717063,8.73
20170717073,8.91
20170717083,10.92
20170717093,12.33
20170717103,22.225
20170717113,25.79
20170717123,26.955
20170717133,26.0
20170717143,26.325
20170717153,26.005
20170717163,23.805
20170717173,24.955
20170717183,25.83
20170717193,24.925
20170717203,24.025
20170717213,23.545
20170717223,21.96
20170717233,20.21
20170718003,15.815
20170718013,11.835
20170718023,10.545
20170718033,7.885
20170718043,8.22
20170718053,8.065
20170718063,7.925
20170718073,9.165
20170718083,12.105
20170718093,13.59
20170718103,24.39
20170718113,25.475
20170718123,25.665
20170718133,25.275
20170718143,27.42
20170718153,26.56
20170718163,25.985
20170718173,29.4
20170718183,45.73
20170718193,38.17
20170718203,28.415
20170718213,25.145
20170718223,22.845
20170718233,21.76
20170719003,17.785
20170719013,14.135
20170719023,10.545
20170719033,9.38
20170719043,7.975
20170719053,7.56
20170719063,7.995
20170719073,9.36
20170719083,11.71
20170719093,16.855
20170719103,23.385
20170719113,26.715
20170719123,26.735
20170719133,26.39
20170719143,38.595
20170719153,34.83
20170719163,29.91
20170719173,31.3
20170719183,35.44
20170719193,33.4
20170719203,30.85
20170719213,34.865
20170719223,31.685
20170719233,28.69
20170720003,32.375
20170720013,15.725
20170720023,13.35
20170720033,9.135
20170720043,8.08
20170720053,8.855
20170720063,10.37
20170720073,10.87
20170720083,15.335
20170720093,20.14
20170720103,32.42
20170720113,35.34
20170720123,37.3
20170720133,34.45
20170720143,81.355
20170720153,62.555
20170720163,49.32
20170720173,44.48
20170720183,45.64
20170720193,39.965
20170720203,35.71
20170720213,35.97
20170720223,32.17
20170720233,29.63
20170721003,22.565
20170721013,14.265
20170721023,10.935
20170721033,7.815
20170721043,8.155
20170721053,8.505
20170721063,8.66
20170721073,11.005
20170721083,12.415
20170721093,14.74
20170721103,25.42
20170721113,29.25
20170721123,30.61
20170721133,28.01
20170721143,35.4
20170721153,33.3
20170721163,29.97
20170721173,29.64
20170721183,31.215
20170721193,30.23
20170721203,24.655
20170721213,24.01
20170721223,23.965
20170721233,23.72
20170722003,23.28
20170722013,13.64
20170722023,11.99
20170722033,9.775
20170722043,8.49
20170722053,7.695
20170722063,8.08
20170722073,10.85
20170722083,12.84
20170722093,14.875
20170722103,21.44
20170722113,22.73
20170722123,25.365
20170722133,23.195
20170722143,23.835
20170722153,22.69
20170722163,21.385
20170722173,24.71
20170722183,24.18
20170722193,23.04
20170722203,22.925
20170722213,25.065
20170722223,24.29
20170722233,20.89
20170723003,18.41
20170723013,11.84
20170723023,9.81
20170723033,9.13
20170723043,8.135
20170723053,7.99
20170723063,7.92
20170723073,9.78
20170723083,11.46
20170723093,12.42
20170723103,17.535
20170723113,16.995
20170723123,21.035
20170723133,19.435
20170723143,17.875
20170723153,17.105
20170723163,17.755
20170723173,17.12
20170723183,18.94
20170723193,16.39
20170723203,17.175
20170723213,17.715
20170723223,18.925
20170723233,19.69
20170724003,16.39
20170724013,11.885
20170724023,8.005
20170724033,7.01
20170724043,7.21
20170724053,6.745
20170724063,7.515
20170724073,9.625
20170724083,10.59
20170724093,15.265
20170724103,20.99
20170724113,23.01
20170724123,23.15
20170724133,22.975
20170724143,25.675
20170724153,24.975
20170724163,22.76
20170724173,24.685
20170724183,25.63
20170724193,25.085
20170724203,23.515
20170724213,23.53
20170724223,24.265
20170724233,23.015
20170725003,17.12
20170725013,13.425
20170725023,10.855
20170725033,8.99
20170725043,7.83
20170725053,7.355
20170725063,7.125
20170725073,9.025
20170725083,11.3
20170725093,14.46
20170725103,23.66
20170725113,31.23
20170725123,31.8
20170725133,33.075
20170725143,33.61
20170725153,31.905
20170725163,31.27
20170725173,33.325
20170725183,33.735
20170725193,29.36
20170725203,26.03
20170725213,25.405
20170725223,24.705
20170725233,25.12
20170726003,17.635
20170726013,12.46
20170726023,8.875
20170726033,8.77
20170726043,8.24
20170726053,7.9
20170726063,7.66
20170726073,8.34
20170726083,10.79
20170726093,16.79
20170726103,23.715
20170726113,27.32
20170726123,25.435
20170726133,26.44
20170726143,31.265
20170726153,29.32
20170726163,27.735
20170726173,26.5
20170726183,26.44
20170726193,26.39
20170726203,23.83
20170726213,22.535
20170726223,22.815
20170726233,22.21
20170727003,17.58
20170727013,13.525
20170727023,11.58
20170727033,8.32
20170727043,7.86
20170727053,8.235
20170727063,8.095
20170727073,8.555
20170727083,11.465
20170727093,15.69
20170727103,22.66
20170727113,25.51
20170727123,26.4
20170727133,24.35
20170727143,31.83
20170727153,29.51
20170727163,26.385
20170727173,26.305
20170727183,29.005
20170727193,24.83
20170727203,24.025
20170727213,22.18
20170727223,20.31
20170727233,21.18
20170728003,17.65
20170728013,13.34
20170728023,10.18
20170728033,7.795
20170728043,6.86
20170728053,8.005
20170728063,8.205
20170728073,10.405
20170728083,10.8
20170728093,14.24
20170728103,21.385
20170728113,25.765
20170728123,26.0
20170728133,26.575
20170728143,28.975
20170728153,28.315
20170728163,27.78
20170728173,28.6
20170728183,29.97
20170728193,28.845
20170728203,24.355
20170728213,23.815
20170728223,22.555
20170728233,25.63
20170729003,15.435
20170729013,12.5
20170729023,9.545
20170729033,7.735
20170729043,7.04
20170729053,6.785
20170729063,6.64
20170729073,7.785
20170729083,8.94
20170729093,11.755
20170729103,14.535
20170729113,16.895
20170729123,17.135
20170729133,16.615
20170729143,16.89
20170729153,16.52
20170729163,16.45
20170729173,18.76
20170729183,22.145
20170729193,22.22
20170729203,24.555
20170729213,26.81
20170729223,22.485
20170729233,20.86
20170730003,13.96
20170730013,10.72
20170730023,8.27
20170730033,7.43
20170730043,7.105
20170730053,7.025
20170730063,6.815
20170730073,8.72
20170730083,10.455
20170730093,11.455
20170730103,14.635
20170730113,14.81
20170730123,17.585
20170730133,16.775
20170730143,14.25
20170730153,13.795
20170730163,14.35
20170730173,17.85
20170730183,24.655
20170730193,20.615
20170730203,20.625
20170730213,19.36
20170730223,20.33
20170730233,21.365
20170731003,13.425
20170731013,11.83
20170731023,9.175
20170731033,8.06
20170731043,7.285
20170731053,7.14
20170731063,7.66
20170731073,9.88
20170731083,11.46
20170731093,16.01
20170731103,21.015
20170731113,23.375
20170731123,25.325
20170731133,25.385
20170731143,27.21
20170731153,26.47
20170731163,24.665
20170731173,27.39
20170731183,27.91
20170731193,25.89
20170731203,24.465
20170731213,22.965
20170731223,24.235
20170731233,25.415
20170801003,17.375
20170801013,12.86
20170801023,8.725
20170801033,8.895
20170801043,7.435
20170801053,6.9
20170801063,6.745
20170801073,8.82
20170801083,11.4
20170801093,14.6
20170801103,19.415
20170801113,24.44
20170801123,25.26
20170801133,26.53
20170801143,29.835
20170801153,27.605
20170801163,24.355
20170801173,24.795
20170801183,26.005
20170801193,25.93
20170801203,21.235
20170801213,20.335
20170801223,20.855
20170801233,18.49
20170802003,17.37
20170802013,13.215
20170802023,10.05
20170802033,8.78
20170802043,6.425
20170802053,7.265
20170802063,8.185
20170802073,9.68
20170802083,15.525
20170802093,19.595
20170802103,23.015
20170802113,24.24
20170802123,24.15
20170802133,22.59
20170802143,22.415
20170802153,23.85
20170802163,22.64
20170802173,23.435
20170802183,22.335
20170802193,20.615
20170802203,18.905
20170802213,18.355
20170802223,18.63
20170802233,17.175
20170803003,16.49
20170803013,10.97
20170803023,8.245
20170803033,7.33
20170803043,6.645
20170803053,6.435
20170803063,7.49
20170803073,8.805
20170803083,10.69
20170803093,14.39
20170803103,21.925
20170803113,25.38
20170803123,25.065
20170803133,21.575
20170803143,20.935
20170803153,23.56
20170803163,28.265
20170803173,27.63
20170803183,24.025
20170803193,22.735
20170803203,22.145
20170803213,19.645
20170803223,17.065
20170803233,16.755
20170804003,15.81
20170804013,13.55
20170804023,8.79
20170804033,6.815
20170804043,6.285
20170804053,6.575
20170804063,7.735
20170804073,8.96
20170804083,11.45
20170804093,13.85
20170804103,21.055
20170804113,23.4
20170804123,22.755
20170804133,20.44
20170804143,22.53
20170804153,25.685
20170804163,24.51
20170804173,21.58
20170804183,21.935
20170804193,20.22
20170804203,19.635
20170804213,18.52
20170804223,17.775
20170804233,14.815
20170805003,13.415
20170805013,10.625
20170805023,9.605
20170805033,7.435
20170805043,5.565
20170805053,6.17
20170805063,6.03
20170805073,6.83
20170805083,11.145
20170805093,14.275
20170805103,17.54
20170805113,18.685
20170805123,20.165
20170805133,17.37
20170805143,15.63
20170805153,13.06
20170805163,12.65
20170805173,14.62
20170805183,15.695
20170805193,15.005
20170805203,16.165
20170805213,14.655
20170805223,15.925
20170805233,14.595
20170806003,12.075
20170806013,9.38
20170806023,5.925
20170806033,6.13
20170806043,4.45
20170806053,4.435
20170806063,4.475
20170806073,7.055
20170806083,8.675
20170806093,9.13
20170806103,10.315
20170806113,10.51
20170806123,13.315
20170806133,12.2
20170806143,11.575
20170806153,11.06
20170806163,10.885
20170806173,10.495
20170806183,13.38
20170806193,11.635
20170806203,11.14
20170806213,11.41
20170806223,12.16
20170806233,11.56
20170807003,12.94
20170807013,10.11
20170807023,7.41
20170807033,7.12
20170807043,5.575
20170807053,6.35
20170807063,6.94
20170807073,7.485
20170807083,9.555
20170807093,11.79
20170807103,17.945
20170807113,21.465
20170807123,24.655
20170807133,21.305
20170807143,24.055
20170807153,21.265
20170807163,19.32
20170807173,20.41
20170807183,21.91
20170807193,22.12
20170807203,20.255
20170807213,20.345
20170807223,18.825
20170807233,18.8
20170808003,14.625
20170808013,11.82
20170808023,9.555
20170808033,8.675
20170808043,7.81
20170808053,6.81
20170808063,6.26
20170808073,8.91
20170808083,11.055
20170808093,13.41
20170808103,18.4
20170808113,22.73
20170808123,24.265
20170808133,25.565
20170808143,28.475
20170808153,27.24
20170808163,24.485
20170808173,24.895
20170808183,30.165
20170808193,27.05
20170808203,20.855
20170808213,20.83
20170808223,21.735
20170808233,19.18
20170809003,15.645
20170809013,12.205
20170809023,10.28
20170809033,9.59
20170809043,7.005
20170809053,6.645
20170809063,7.86
20170809073,9.4
20170809083,15.755
20170809093,19.585
20170809103,22.48
20170809113,24.69
20170809123,25.605
20170809133,23.04
20170809143,22.17
20170809153,27.56
20170809163,26.47
20170809173,26.035
20170809183,23.78
20170809193,22.395
20170809203,19.96
20170809213,19.275
20170809223,18.855
20170809233,17.525
20170810003,14.865
20170810013,10.59
20170810023,8.02
20170810033,7.675
20170810043,6.3
20170810053,5.97
20170810063,7.735
20170810073,8.16
20170810083,9.465
20170810093,13.73
20170810103,19.17
20170810113,21.46
20170810123,22.925
20170810133,18.83
20170810143,19.86
20170810153,25.255
20170810163,24.28
20170810173,23.325
20170810183,22.165
20170810193,20.795
20170810203,21.265
20170810213,21.1
20170810223,17.81
20170810233,16.705
20170811003,15.55
20170811013,12.235
20170811023,8.805
20170811033,7.945
20170811043,6.535
20170811053,6.17
20170811063,7.265
20170811073,9.03
20170811083,11.39
20170811093,12.615
20170811103,18.57
20170811113,22.955
20170811123,23.75
20170811133,21.26
20170811143,23.475
20170811153,42.515
20170811163,37.61
20170811173,29.96
20170811183,26.385
20170811193,24.165
20170811203,22.16
20170811213,21.335
20170811223,20.485
20170811233,16.53
20170812003,14.42
20170812013,11.21
20170812023,9.61
20170812033,8.38
20170812043,6.7
20170812053,5.59
20170812063,6.31
20170812073,7.195
20170812083,10.755
20170812093,13.835
20170812103,15.57
20170812113,15.81
20170812123,21.07
20170812133,14.65
20170812143,14.47
20170812153,14.34
20170812163,13.815
20170812173,14.44
20170812183,14.255
20170812193,14.97
20170812203,15.665
20170812213,16.5
20170812223,16.345
20170812233,14.955
20170813003,12.21
20170813013,7.855
20170813023,6.095
20170813033,6.085
20170813043,5.13
20170813053,4.845
20170813063,4.935
20170813073,6.665
20170813083,8.425
20170813093,9.37
20170813103,10.255
20170813113,9.78
20170813123,14.055
20170813133,12.875
20170813143,11.92
20170813153,11.405
20170813163,11.435
20170813173,10.73
20170813183,12.595
20170813193,11.765
20170813203,12.975
20170813213,12.96
20170813223,13.71
20170813233,12.185
20170814003,11.295
20170814013,9.12
20170814023,7.925
20170814033,7.59
20170814043,6.69
20170814053,6.55
20170814063,7.435
20170814073,8.225
20170814083,10.275
20170814093,13.185
20170814103,19.22
20170814113,22.39
20170814123,25.58
20170814133,24.81
20170814143,23.115
20170814153,24.085
20170814163,21.09
20170814173,21.02
20170814183,20.695
20170814193,20.09
20170814203,18.425
20170814213,19.455
20170814223,16.155
20170814233,16.445
20170815003,15.175
20170815013,11.955
20170815023,9.925
20170815033,8.92
20170815043,9.39
20170815053,8.265
20170815063,7.575
20170815073,10.115
20170815083,11.485
20170815093,13.05
20170815103,20.405
20170815113,21.85
20170815123,22.06
20170815133,22.48
20170815143,24.42
20170815153,24.855
20170815163,23.12
20170815173,28.46
20170815183,64.025
20170815193,53.0
20170815203,38.75
20170815213,29.13
20170815223,26.39
20170815233,24.255
20170816003,18.565
20170816013,14.345
20170816023,11.315
20170816033,10.84
20170816043,8.89
20170816053,9.03
20170816063,10.205
20170816073,12.785
20170816083,15.455
20170816093,19.135
20170816103,23.345
20170816113,27.66
20170816123,28.18
20170816133,26.28
20170816143,26.775
20170816153,27.0
20170816163,26.095
20170816173,23.095
20170816183,23.035
20170816193,21.1
20170816203,20.705
20170816213,20.615
20170816223,19.035
20170816233,17.66
20170817003,18.225
20170817013,12.805
20170817023,10.415
20170817033,7.825
20170817043,7.135
20170817053,8.225
20170817063,8.64
20170817073,8.855
20170817083,10.63
20170817093,14.08
20170817103,21.54
20170817113,24.095
20170817123,25.325
20170817133,21.43
20170817143,24.225
20170817153,23.65
20170817163,21.08
20170817173,21.32
20170817183,20.475
20170817193,20.995
20170817203,22.375
20170817213,22.605
20170817223,19.525
20170817233,18.01
20170818003,15.36
20170818013,12.23
20170818023,9.755
20170818033,7.92
20170818043,7.845
20170818053,7.925
20170818063,8.305
20170818073,9.595
20170818083,11.78
20170818093,12.55
20170818103,19.725
20170818113,22.95
20170818123,23.695
20170818133,21.805
20170818143,21.725
20170818153,24.25
20170818163,23.78
20170818173,21.935
20170818183,21.84
20170818193,21.525
20170818203,20.445
20170818213,19.34
20170818223,17.89
20170818233,17.71
20170819003,15.0
20170819013,11.025
20170819023,9.36
20170819033,7.71
20170819043,6.44
20170819053,6.5
20170819063,6.065
20170819073,7.2
20170819083,10.955
20170819093,12.78
20170819103,19.295
20170819113,20.405
20170819123,25.975
20170819133,17.985
20170819143,19.13
20170819153,17.895
20170819163,16.09
20170819173,17.315
20170819183,16.5
20170819193,18.91
20170819203,19.685
20170819213,21.235
20170819223,19.145
20170819233,15.355
20170820003,15.905
20170820013,9.89
20170820023,8.165
20170820033,7.195
20170820043,5.84
20170820053,5.685
20170820063,5.38
20170820073,6.97
20170820083,9.92
20170820093,11.58
20170820103,15.335
20170820113,13.465
20170820123,16.065
20170820133,15.24
20170820143,14.09
20170820153,13.29
20170820163,13.865
20170820173,13.485
20170820183,14.315
20170820193,13.64
20170820203,14.73
20170820213,13.36
20170820223,14.98
20170820233,15.8
20170821003,14.065
20170821013,10.78
20170821023,7.42
20170821033,6.775
20170821043,6.315
20170821053,6.69
20170821063,8.5
20170821073,9.095
20170821083,9.89
20170821093,12.7
20170821103,22.25
20170821113,25.925
20170821123,26.21
20170821133,25.765
20170821143,29.385
20170821153,28.15
20170821163,25.18
20170821173,27.865
20170821183,30.115
20170821193,26.545
20170821203,24.68
20170821213,24.905
20170821223,25.955
20170821233,24.36
20170822003,16.2
20170822013,12.395
20170822023,10.505
20170822033,7.925
20170822043,7.505
20170822053,7.58
20170822063,7.61
20170822073,9.405
20170822083,11.495
20170822093,13.915
20170822103,24.92
20170822113,26.85
20170822123,27.135
20170822133,26.41
20170822143,31.725
20170822153,28.335
20170822163,27.27
20170822173,28.68
20170822183,31.025
20170822193,26.625
20170822203,21.715
20170822213,21.325
20170822223,20.56
20170822233,20.79
20170823003,17.675
20170823013,13.48
20170823023,10.46
20170823033,9.13
20170823043,8.075
20170823053,6.88
20170823063,7.04
20170823073,8.655
20170823083,10.62
20170823093,16.385
20170823103,23.1
20170823113,27.165
20170823123,26.39
20170823133,25.785
20170823143,35.565
20170823153,31.93
20170823163,27.86
20170823173,27.33
20170823183,28.145
20170823193,28.08
20170823203,24.3
20170823213,24.135
20170823223,22.84
20170823233,22.7
20170824003,18.0
20170824013,12.78
20170824023,11.315
20170824033,7.79
20170824043,7.11
20170824053,7.805
20170824063,8.195
20170824073,9.03
20170824083,12.23
20170824093,17.04
20170824103,23.94
20170824113,27.53
20170824123,29.755
20170824133,29.765
20170824143,60.41
20170824153,51.03
20170824163,41.01
20170824173,36.915
20170824183,35.03
20170824193,30.94
20170824203,27.79
20170824213,28.43
20170824223,24.345
20170824233,24.035
20170825003,19.085
20170825013,13.97
20170825023,10.355
20170825033,7.65
20170825043,7.795
20170825053,8.55
20170825063,7.685
20170825073,10.63
20170825083,11.515
20170825093,14.125
20170825103,23.64
20170825113,26.6
20170825123,26.955
20170825133,25.525
20170825143,27.65
20170825153,27.45
20170825163,25.94
20170825173,26.225
20170825183,25.8
20170825193,24.185
20170825203,21.085
20170825213,19.61
20170825223,20.175
20170825233,22.29
20170826003,16.72
20170826013,11.615
20170826023,9.23
20170826033,7.865
20170826043,7.11
20170826053,6.79
20170826063,7.04
20170826073,8.785
20170826083,10.265
20170826093,12.94
20170826103,15.22
20170826113,16.845
20170826123,18.425
20170826133,17.04
20170826143,17.115
20170826153,16.205
20170826163,15.735
20170826173,18.3
20170826183,20.7
20170826193,23.615
20170826203,25.84
20170826213,29.065
20170826223,24.4
20170826233,21.435
20170827003,14.935
20170827013,10.99
20170827023,8.62
20170827033,7.42
20170827043,7.255
20170827053,7.135
20170827063,7.09
20170827073,8.855
20170827083,10.835
20170827093,10.9
20170827103,14.605
20170827113,14.25
20170827123,18.09
20170827133,16.235
20170827143,13.615
20170827153,12.775
20170827163,13.89
20170827173,14.43
20170827183,16.665
20170827193,15.435
20170827203,17.525
20170827213,19.82
20170827223,18.76
20170827233,19.165
20170828003,13.075
20170828013,10.93
20170828023,7.9
20170828033,7.265
20170828043,7.14
20170828053,6.25
20170828063,6.95
20170828073,8.87
20170828083,10.44
20170828093,14.41
20170828103,20.58
20170828113,22.925
20170828123,23.905
20170828133,24.22
20170828143,26.955
20170828153,26.15
20170828163,23.61
20170828173,26.025
20170828183,26.625
20170828193,24.925
20170828203,22.37
20170828213,21.88
20170828223,23.55
20170828233,23.745
20170829003,15.865
20170829013,12.6
20170829023,10.835
20170829033,8.785
20170829043,7.505
20170829053,7.085
20170829063,7.22
20170829073,9.585
20170829083,11.68
20170829093,15.655
20170829103,23.35
20170829113,32.715
20170829123,32.825
20170829133,33.635
20170829143,34.245
20170829153,32.57
20170829163,32.25
20170829173,34.5
20170829183,33.125
20170829193,29.27
20170829203,25.345
20170829213,25.425
20170829223,25.8
20170829233,26.52
20170830003,18.275
20170830013,12.625
20170830023,9.675
20170830033,9.135
20170830043,8.25
20170830053,8.74
20170830063,8.99
20170830073,9.26
20170830083,11.31
20170830093,17.725
20170830103,23.61
20170830113,27.34
20170830123,26.1
20170830133,28.04
20170830143,30.735
20170830153,29.72
20170830163,28.82
20170830173,28.35
20170830183,27.92
20170830193,28.215
20170830203,26.195
20170830213,23.7
20170830223,23.845
20170830233,24.425
20170831003,19.31
20170831013,13.96
20170831023,12.06
20170831033,9.21
20170831043,8.51
20170831053,8.745
20170831063,8.655
20170831073,9.605
20170831083,12.82
20170831093,17.38
20170831103,23.34
20170831113,25.675
20170831123,26.435
20170831133,24.9
20170831143,31.17
20170831153,30.445
20170831163,28.62
20170831173,30.955
20170831183,35.31
20170831193,30.245
20170831203,29.315
20170831213,27.085
20170831223,24.995
20170831233,25.78
20170901003,19.49
20170901013,14.085
20170901023,8.69
20170901033,6.745
20170901043,6.555
20170901053,7.0
20170901063,8.095
20170901073,9.64
20170901083,12.115
20170901093,14.865
20170901103,22.815
20170901113,24.945
20170901123,23.73
20170901133,21.445
20170901143,22.945
20170901153,26.575
20170901163,25.445
20170901173,21.715
20170901183,20.975
20170901193,19.795
20170901203,19.365
20170901213,18.355
20170901223,17.465
20170901233,14.68
20170902003,15.535
20170902013,12.71
20170902023,11.235
20170902033,8.63
20170902043,6.55
20170902053,6.865
20170902063,6.985
20170902073,7.925
20170902083,11.43
20170902093,15.37
20170902103,19.59
20170902113,19.915
20170902123,20.74
20170902133,19.48
20170902143,18.99
20170902153,15.55
20170902163,15.145
20170902173,16.315
20170902183,16.52
20170902193,16.725
20170902203,21.405
20170902213,18.65
20170902223,18.875
20170902233,17.915
20170903003,12.72
20170903013,10.315
20170903023,6.5
20170903033,6.965
20170903043,5.695
20170903053,5.145
20170903063,6.075
20170903073,8.04
20170903083,9.35
20170903093,9.87
20170903103,13.95
20170903113,15.27
20170903123,15.965
20170903133,14.625
20170903143,15.26
20170903153,14.76
20170903163,15.225
20170903173,19.675
20170903183,30.15
20170903193,26.735
20170903203,23.005
20170903213,21.9
20170903223,22.035
20170903233,21.99
20170904003,20.925
20170904013,13.27
20170904023,8.99
20170904033,7.92
20170904043,5.79
20170904053,6.53
20170904063,7.675
20170904073,8.505
20170904083,10.77
20170904093,12.61
20170904103,19.995
20170904113,21.71
20170904123,25.615
20170904133,22.045
20170904143,24.785
20170904153,21.275
20170904163,19.62
20170904173,20.775
20170904183,23.555
20170904193,24.36
20170904203,22.14
20170904213,21.455
20170904223,20.015
20170904233,19.81
20170905003,15.715
20170905013,12.38
20170905023,9.28
20170905033,8.41
20170905043,7.605
20170905053,6.995
20170905063,6.065
20170905073,8.75
20170905083,11.1
20170905093,14.04
20170905103,18.33
20170905113,23.875
20170905123,25.62
20170905133,26.655
20170905143,30.33
20170905153,27.745
20170905163,24.335
20170905173,25.53
20170905183,28.115
20170905193,27.08
20170905203,21.51
20170905213,21.665
20170905223,21.955
20170905233,19.61
20170906003,16.25
20170906013,13.315
20170906023,10.625
20170906033,9.52
20170906043,6.69
20170906053,6.62
20170906063,7.885
20170906073,9.385
20170906083,16.42
20170906093,20.75
20170906103,22.935
20170906113,24.18
20170906123,24.69
20170906133,23.24
20170906143,22.39
20170906153,23.89
20170906163,23.215
20170906173,25.095
20170906183,24.22
20170906193,22.04
20170906203,19.43
20170906213,18.395
20170906223,19.13
20170906233,18.205
20170907003,14.935
20170907013,10.69
20170907023,8.405
20170907033,7.67
20170907043,6.095
20170907053,5.87
20170907063,7.39
20170907073,7.975
20170907083,9.75
20170907093,14.21
20170907103,19.5
20170907113,21.67
20170907123,22.7
20170907133,18.6
20170907143,18.79
20170907153,22.185
20170907163,23.765
20170907173,23.875
20170907183,21.895
20170907193,18.265
20170907203,19.21
20170907213,18.71
20170907223,16.21
20170907233,15.95
20170908003,15.595
20170908013,12.555
20170908023,8.73
20170908033,7.91
20170908043,6.135
20170908053,5.775
20170908063,6.89
20170908073,8.89
20170908083,10.645
20170908093,12.7
20170908103,18.72
20170908113,23.275
20170908123,23.885
20170908133,21.1
20170908143,22.245
20170908153,38.87
20170908163,35.3
20170908173,28.895
20170908183,25.68
20170908193,22.945
20170908203,20.905
20170908213,20.56
20170908223,20.04
20170908233,16.195
20170909003,14.845
20170909013,11.23
20170909023,9.93
20170909033,8.425
20170909043,6.66
20170909053,5.39
20170909063,6.125
20170909073,7.695
20170909083,10.615
20170909093,14.715
20170909103,16.42
20170909113,16.985
20170909123,23.545
20170909133,16.89
20170909143,16.965
20170909153,16.435
20170909163,15.715
20170909173,16.32
20170909183,16.46
20170909193,18.935
20170909203,21.005
20170909213,20.64
20170909223,20.48
20170909233,17.815
20170910003,12.75
20170910013,7.98
20170910023,5.895
20170910033,5.93
20170910043,5.12
20170910053,4.955
20170910063,4.85
20170910073,6.84
20170910083,8.5
20170910093,9.54
20170910103,11.275
20170910113,10.595
20170910123,15.255
20170910133,13.495
20170910143,12.985
20170910153,12.35
20170910163,12.315
20170910173,11.71
20170910183,13.385
20170910193,13.835
20170910203,18.925
20170910213,18.515
20170910223,17.83
20170910233,13.81
20170911003,12.12
20170911013,9.57
20170911023,7.765
20170911033,7.58
20170911043,6.805
20170911053,6.35
20170911063,7.115
20170911073,8.17
20170911083,10.39
20170911093,14.65
20170911103,19.785
20170911113,23.975
20170911123,27.66
20170911133,26.915
20170911143,25.63
20170911153,26.315
20170911163,22.3
20170911173,21.85
20170911183,20.205
20170911193,20.685
20170911203,20.09
20170911213,21.115
20170911223,17.58
20170911233,17.665
20170912003,15.375
20170912013,12.425
20170912023,10.09
20170912033,9.825
20170912043,9.34
20170912053,8.315
20170912063,7.5
20170912073,10.32
20170912083,11.135
20170912093,13.67
20170912103,21.44
20170912113,22.445
20170912123,22.615
20170912133,23.62
20170912143,25.51
20170912153,26.83
20170912163,24.965
20170912173,29.055
20170912183,66.49
20170912193,55.27
20170912203,41.29
20170912213,30.525
20170912223,28.61
20170912233,25.585
20170913003,18.415
20170913013,14.015
20170913023,12.015
20170913033,11.37
20170913043,8.67
20170913053,8.5
20170913063,9.94
20170913073,12.55
20170913083,16.845
20170913093,20.775
20170913103,25.005
20170913113,29.74
20170913123,31.05
20170913133,28.655
20170913143,28.775
20170913153,28.655
20170913163,28.045
20170913173,24.605
20170913183,24.97
20170913193,22.935
20170913203,22.495
20170913213,23.115
20170913223,21.735
20170913233,19.365
20170914003,17.7
20170914013,12.685
20170914023,10.015
20170914033,8.07
20170914043,7.095
20170914053,8.4
20170914063,8.58
20170914073,9.47
20170914083,10.79
20170914093,14.39
20170914103,21.49
20170914113,24.585
20170914123,26.09
20170914133,21.475
20170914143,25.44
20170914153,24.855
20170914163,21.25
20170914173,22.265
20170914183,19.565
20170914193,20.79
20170914203,23.915
20170914213,25.735
20170914223,21.245
20170914233,18.475
20170915003,16.66
20170915013,12.985
20170915023,9.955
20170915033,8.265
20170915043,7.46
20170915053,7.79
20170915063,8.515
20170915073,9.82
20170915083,12.275
20170915093,13.9
20170915103,18.47
20170915113,22.62
20170915123,24.025
20170915133,21.54
20170915143,20.55
20170915153,25.345
20170915163,24.515
20170915173,21.65
20170915183,21.25
20170915193,21.98
20170915203,20.425
20170915213,19.85
20170915223,18.035
20170915233,16.8
20170916003,15.205
20170916013,11.16
20170916023,9.86
20170916033,7.915
20170916043,6.61
20170916053,6.61
20170916063,6.115
20170916073,6.56
20170916083,11.425
20170916093,13.37
20170916103,17.07
20170916113,18.39
20170916123,23.595
20170916133,15.015
20170916143,18.27
20170916153,17.645
20170916163,16.25
20170916173,17.85
20170916183,16.695
20170916193,28.06
20170916203,30.525
20170916213,32.46
20170916223,27.55
20170916233,19.865
20170917003,15.505
20170917013,9.825
20170917023,8.15
20170917033,7.01
20170917043,5.06
20170917053,4.845
20170917063,4.87
20170917073,7.08
20170917083,10.38
20170917093,11.63
20170917103,14.94
20170917113,13.4
20170917123,15.42
20170917133,15.35
20170917143,15.175
20170917153,14.425
20170917163,15.215
20170917173,14.04
20170917183,15.445
20170917193,16.395
20170917203,20.375
20170917213,18.31
20170917223,17.545
20170917233,17.355
20170918003,12.655
20170918013,11.06
20170918023,7.535
20170918033,6.73
20170918043,6.005
20170918053,6.58
20170918063,9.065
20170918073,8.905
20170918083,10.24
20170918093,12.26
20170918103,23.505
20170918113,27.105
20170918123,27.685
20170918133,26.885
20170918143,27.835
20170918153,26.91
20170918163,24.31
20170918173,27.18
20170918183,28.73
20170918193,25.795
20170918203,25.635
20170918213,25.39
20170918223,25.015
20170918233,22.77
20170919003,15.645
20170919013,11.68
20170919023,10.09
20170919033,8.055
20170919043,8.225
20170919053,7.99
20170919063,8.08
20170919073,9.11
20170919083,11.87
20170919093,13.95
20170919103,24.76
20170919113,25.715
20170919123,26.395
20170919133,25.605
20170919143,28.42
20170919153,26.675
20170919163,25.535
20170919173,27.96
20170919183,38.55
20170919193,31.385
20170919203,23.95
20170919213,22.795
20170919223,21.525
20170919233,21.01
20170920003,18.68
20170920013,14.15
20170920023,10.64
20170920033,9.055
20170920043,7.84
20170920053,6.975
20170920063,7.335
20170920073,8.475
20170920083,11.19
20170920093,16.695
20170920103,23.72
20170920113,26.49
20170920123,26.76
20170920133,26.095
20170920143,39.765
20170920153,35.285
20170920163,30.05
20170920173,31.015
20170920183,33.695
20170920193,31.915
20170920203,28.74
20170920213,32.425
20170920223,29.9
20170920233,27.41
20170921003,29.35
20170921013,15.24
20170921023,13.325
20170921033,8.94
20170921043,7.885
20170921053,8.545
20170921063,10.06
20170921073,10.755
20170921083,14.695
20170921093,20.045
20170921103,31.985
20170921113,35.275
20170921123,37.23
20170921133,34.695
20170921143,83.77
20170921153,65.84
20170921163,50.395
20170921173,45.185
20170921183,43.86
20170921193,38.26
20170921203,34.47
20170921213,35.47
20170921223,31.525
20170921233,29.485
20170922003,23.09
20170922013,14.67
20170922023,11.01
20170922033,8.01
20170922043,8.485
20170922053,8.845
20170922063,8.51
20170922073,11.415
20170922083,12.36
20170922093,15.075
20170922103,25.45
20170922113,29.465
20170922123,30.275
20170922133,28.435
20170922143,37.525
20170922153,34.68
20170922163,31.18
20170922173,30.29
20170922183,30.325
20170922193,28.41
20170922203,23.6
20170922213,22.965
20170922223,22.87
20170922233,23.7
20170923003,24.82
20170923013,14.015
20170923023,11.305
20170923033,9.62
20170923043,8.5
20170923053,7.715
20170923063,8.035
20170923073,10.885
20170923083,12.68
20170923093,14.885
20170923103,20.215
20170923113,21.425
20170923123,23.985
20170923133,22.805
20170923143,21.88
20170923153,21.515
20170923163,20.26
20170923173,24.155
20170923183,23.92
20170923193,23.68
20170923203,24.355
20170923213,25.65
20170923223,25.395
20170923233,22.14
20170924003,18.265
20170924013,12.055
20170924023,10.74
20170924033,9.87
20170924043,8.66
20170924053,8.58
20170924063,8.255
20170924073,10.095
20170924083,11.94
20170924093,13.235
20170924103,17.965
20170924113,17.825
20170924123,21.895
20170924133,20.28
20170924143,17.82
20170924153,16.83
20170924163,18.08
20170924173,17.89
20170924183,19.555
20170924193,17.99
20170924203,19.28
20170924213,19.64
20170924223,20.37
20170924233,20.69
20170925003,17.575
20170925013,12.425
20170925023,8.325
20170925033,7.545
20170925043,7.535
20170925053,7.01
20170925063,7.355
20170925073,9.72
20170925083,11.055
20170925093,15.825
20170925103,20.93
20170925113,22.135
20170925123,22.805
20170925133,22.885
20170925143,26.115
20170925153,25.24
20170925163,22.655
20170925173,24.84
20170925183,26.065
20170925193,25.495
20170925203,23.68
20170925213,23.885
20170925223,24.885
20170925233,23.765
20170926003,16.92
20170926013,13.525
20170926023,11.445
20170926033,9.44
20170926043,7.935
20170926053,7.255
20170926063,7.04
20170926073,9.075
20170926083,11.11
20170926093,14.705
20170926103,23.545
20170926113,32.15
20170926123,32.56
20170926133,33.89
20170926143,34.465
20170926153,32.66
20170926163,32.225
20170926173,34.425
20170926183,34.345
20170926193,30.255
20170926203,26.745
20170926213,26.35
20170926223,25.845
20170926233,26.29
20170927003,18.235
20170927013,12.47
20170927023,8.965
20170927033,9.0
20170927043,8.39
20170927053,8.09
20170927063,8.04
20170927073,8.675
20170927083,11.045
20170927093,17.495
20170927103,24.595
20170927113,28.7
20170927123,26.61
20170927133,27.705
20170927143,32.06
20170927153,30.615
20170927163,29.155
20170927173,28.205
20170927183,27.53
20170927193,27.82
20170927203,24.955
20170927213,23.445
20170927223,23.79
20170927233,22.865
20170928003,17.955
20170928013,14.015
20170928023,11.975
20170928033,9.07
20170928043,8.435
20170928053,8.52
20170928063,8.335
20170928073,8.925
20170928083,11.645
20170928093,16.06
20170928103,22.825
20170928113,25.67
20170928123,26.355
20170928133,24.215
20170928143,31.395
20170928153,29.075
20170928163,26.135
20170928173,26.265
20170928183,29.57
20170928193,24.95
20170928203,24.355
20170928213,22.885
20170928223,20.845
20170928233,21.63
20170929003,18.845
20170929013,13.675
20170929023,10.59
20170929033,8.075
20170929043,6.975
20170929053,8.09
20170929063,8.06
20170929073,10.405
20170929083,11.275
20170929093,14.405
20170929103,22.17
20170929113,26.28
20170929123,26.71
20170929133,27.57
20170929143,29.81
20170929153,29.12
20170929163,28.685
20170929173,30.195
20170929183,32.125
20170929193,29.585
20170929203,26.105
20170929213,24.97
20170929223,24.055
20170929233,27.7
20170930003,16.72
20170930013,12.925
20170930023,9.68
20170930033,7.71
20170930043,6.82
20170930053,6.84
20170930063,7.065
20170930073,8.385
20170930083,9.52
20170930093,12.3
20170930103,14.24
20170930113,16.715
20170930123,17.13
20170930133,17.37
20170930143,17.09
20170930153,17.085
20170930163,16.81
20170930173,18.985
20170930183,22.215
20170930193,22.075
20170930203,25.35
20170930213,27.155
20170930223,23.365
20170930233,21.365
20171001003,14.105
20171001013,11.345
20171001023,7.49
20171001033,7.865
20171001043,6.88
20171001053,5.77
20171001063,6.74
20171001073,8.545
20171001083,9.41
20171001093,10.105
20171001103,13.375
20171001113,14.37
20171001123,14.65
20171001133,14.02
20171001143,14.68
20171001153,14.81
20171001163,15.145
20171001173,17.45
20171001183,27.64
20171001193,23.39
20171001203,21.865
20171001213,20.615
20171001223,21.82
20171001233,21.615
20171002003,24.33
20171002013,15.475
20171002023,10.07
20171002033,8.355
20171002043,6.775
20171002053,7.08
20171002063,8.385
20171002073,9.37
20171002083,11.2
20171002093,12.665
20171002103,20.905
20171002113,22.785
20171002123,24.37
20171002133,21.795
20171002143,23.895
20171002153,22.14
20171002163,19.66
20171002173,19.65
20171002183,21.61
20171002193,22.575
20171002203,21.66
20171002213,20.975
20171002223,19.64
20171002233,18.565
20171003003,16.23
20171003013,12.84
20171003023,8.845
20171003033,8.775
20171003043,7.625
20171003053,7.25
20171003063,6.84
20171003073,8.955
20171003083,11.395
20171003093,14.535
20171003103,19.83
20171003113,24.495
20171003123,25.45
20171003133,26.665
20171003143,30.08
20171003153,27.815
20171003163,24.205
20171003173,24.67
20171003183,26.235
20171003193,25.025
20171003203,20.46
20171003213,19.825
20171003223,20.735
20171003233,18.35
20171004003,16.585
20171004013,13.245
20171004023,10.18
20171004033,9.355
20171004043,6.59
20171004053,6.94
20171004063,7.71
20171004073,9.515
20171004083,15.7
20171004093,19.35
20171004103,22.735
20171004113,23.765
20171004123,24.16
20171004133,22.495
20171004143,22.44
20171004153,23.22
20171004163,22.14
20171004173,23.85
20171004183,23.275
20171004193,21.485
20171004203,20.17
20171004213,19.46
20171004223,19.265
20171004233,18.125
20171005003,15.125
20171005013,11.075
20171005023,8.315
20171005033,7.225
20171005043,6.25
20171005053,6.165
20171005063,7.36
20171005073,7.81
20171005083,9.945
20171005093,13.825
20171005103,20.28
20171005113,22.465
20171005123,22.805
20171005133,18.835
20171005143,19.375
20171005153,22.285
20171005163,24.475
20171005173,24.665
20171005183,23.1
20171005193,19.49
20171005203,20.05
20171005213,19.105
20171005223,16.45
20171005233,15.97
20171006003,16.025
20171006013,12.955
20171006023,8.525
20171006033,7.2
20171006043,6.385
20171006053,5.945
20171006063,6.585
20171006073,8.465
20171006083,10.905
20171006093,13.19
20171006103,19.12
20171006113,23.615
20171006123,23.865
20171006133,21.365
20171006143,22.94
20171006153,34.585
20171006163,30.985
20171006173,27.455
20171006183,25.65
20171006193,22.91
20171006203,20.825
20171006213,20.36
20171006223,19.785
20171006233,16.355
20171007003,14.77
20171007013,11.015
20171007023,9.63
20171007033,7.7
20171007043,6.165
20171007053,5.315
20171007063,5.45
20171007073,6.96
20171007083,10.875
20171007093,14.595
20171007103,15.44
20171007113,16.97
20171007123,21.3
20171007133,16.15
20171007143,15.9
20171007153,15.43
20171007163,15.0
20171007173,16.365
20171007183,17.115
20171007193,17.79
20171007203,20.435
20171007213,21.46
20171007223,19.155
20171007233,16.76
20171008003,12.725
20171008013,9.375
20171008023,6.25
20171008033,6.145
20171008043,5.035
20171008053,5.265
20171008063,5.03
20171008073,6.96
20171008083,9.0
20171008093,9.895
20171008103,11.66
20171008113,10.785
20171008123,14.67
20171008133,13.255
20171008143,12.55
20171008153,11.845
20171008163,11.79
20171008173,11.555
20171008183,13.295
20171008193,12.46
20171008203,12.88
20171008213,13.505
20171008223,14.445
20171008233,11.77
20171009003,12.315
20171009013,9.655
20171009023,7.515
20171009033,7.435
20171009043,6.71
20171009053,6.5
20171009063,7.09
20171009073,8.45
20171009083,9.75
20171009093,13.435
20171009103,18.875
20171009113,23.125
20171009123,27.15
20171009133,25.385
20171009143,24.675
20171009153,27.505
20171009163,23.975
20171009173,22.65
20171009183,20.915
20171009193,21.0
20171009203,19.365
20171009213,19.975
20171009223,17.13
20171009233,17.185
20171010003,15.43
20171010013,12.845
20171010023,10.28
20171010033,9.41
20171010043,8.92
20171010053,7.945
20171010063,7.285
20171010073,9.685
20171010083,11.14
20171010093,13.01
20171010103,20.465
20171010113,22.11
20171010123,22.29
20171010133,23.01
20171010143,25.26
20171010153,27.565
20171010163,26.14
20171010173,28.38
20171010183,62.62
20171010193,51.47
20171010203,37.49
20171010213,28.4
20171010223,27.515
20171010233,24.15
20171011003,16.69
20171011013,13.4
20171011023,10.77
20171011033,10.6
20171011043,8.085
20171011053,7.74
20171011063,8.905
20171011073,11.515
20171011083,16.015
20171011093,20.18
20171011103,23.77
20171011113,28.435
20171011123,29.635
20171011133,27.1
20171011143,26.915
20171011153,28.83
20171011163,27.725
20171011173,24.635
20171011183,23.77
20171011193,22.45
20171011203,21.535
20171011213,21.78
20171011223,20.625
20171011233,18.875
20171012003,16.665
20171012013,11.735
20171012023,9.08
20171012033,7.49
20171012043,6.8
20171012053,7.465
20171012063,8.215
20171012073,8.875
20171012083,10.345
20171012093,13.815
20171012103,21.24
20171012113,23.37
20171012123,24.875
20171012133,21.325
20171012143,24.365
20171012153,25.65
20171012163,22.15
20171012173,22.425
20171012183,20.285
20171012193,21.24
20171012203,22.84
20171012213,23.66
20171012223,20.075
20171012233,17.705
20171013003,16.305
20171013013,12.755
20171013023,10.12
20171013033,8.4
20171013043,7.55
20171013053,7.385
20171013063,8.04
20171013073,9.625
20171013083,11.875
20171013093,15.13
20171013103,19.375
20171013113,22.42
20171013123,23.73
20171013133,21.425
20171013143,21.375
20171013153,27.555
20171013163,26.79
20171013173,23.535
20171013183,24.53
20171013193,23.815
20171013203,23.035
20171013213,21.22
20171013223,19.175
20171013233,17.315
20171014003,15.385
20171014013,10.94
20171014023,10.3
20171014033,8.125
20171014043,6.645
20171014053,6.495
20171014063,6.66
20171014073,7.08
20171014083,11.21
20171014093,13.725
20171014103,16.385
20171014113,16.905
20171014123,22.1
20171014133,14.185
20171014143,16.105
20171014153,15.75
20171014163,14.495
20171014173,15.9
20171014183,14.65
20171014193,18.2
20171014203,19.46
20171014213,21.53
20171014223,18.735
20171014233,15.58
20171015003,14.43
20171015013,9.63
20171015023,7.985
20171015033,6.875
20171015043,5.1
20171015053,4.985
20171015063,5.105
20171015073,7.15
20171015083,9.935
20171015093,11.18
20171015103,13.09
20171015113,11.865
20171015123,14.34
20171015133,14.15
20171015143,13.145
20171015153,12.945
20171015163,13.31
20171015173,12.75
20171015183,14.795
20171015193,15.19
20171015203,18.23
20171015213,16.18
20171015223,15.875
20171015233,15.18
20171016003,12.655
20171016013,10.13
20171016023,7.765
20171016033,7.415
20171016043,6.49
20171016053,6.54
20171016063,8.34
20171016073,8.85
20171016083,10.33
20171016093,12.165
20171016103,21.25
20171016113,24.855
20171016123,26.45
20171016133,25.765
20171016143,25.695
20171016153,25.97
20171016163,23.76
20171016173,24.405
20171016183,24.585
20171016193,23.405
20171016203,21.52
20171016213,21.555
20171016223,20.26
20171016233,18.905
20171017003,15.985
20171017013,11.94
20171017023,10.14
20171017033,8.18
20171017043,8.495
20171017053,7.575
20171017063,7.43
20171017073,8.95
20171017083,11.81
20171017093,13.61
20171017103,21.785
20171017113,22.955
20171017123,23.695
20171017133,23.42
20171017143,25.505
20171017153,25.285
20171017163,24.625
20171017173,27.565
20171017183,49.36
20171017193,40.815
20171017203,29.315
20171017213,24.665
20171017223,22.895
20171017233,21.97
20171018003,17.425
20171018013,14.455
20171018023,10.66
20171018033,9.72
20171018043,7.93
20171018053,7.675
20171018063,8.265
20171018073,10.09
20171018083,12.135
20171018093,17.675
20171018103,23.07
20171018113,25.93
20171018123,26.525
20171018133,24.77
20171018143,31.225
20171018153,29.43
20171018163,26.46
20171018173,24.59
20171018183,25.025
20171018193,22.855
20171018203,22.21
20171018213,22.83
20171018223,21.51
20171018233,20.47
20171019003,23.13
20171019013,13.61
20171019023,11.505
20171019033,8.365
20171019043,7.54
20171019053,8.05
20171019063,9.41
20171019073,9.58
20171019083,11.74
20171019093,16.03
20171019103,26.12
20171019113,29.195
20171019123,31.935
20171019133,28.785
20171019143,58.415
20171019153,46.79
20171019163,38.31
20171019173,35.16
20171019183,32.93
20171019193,29.745
20171019203,28.305
20171019213,27.94
20171019223,25.3
20171019233,23.82
20171020003,24.545
20171020013,14.57
20171020023,10.825
20171020033,7.955
20171020043,8.21
20171020053,8.465
20171020063,8.97
20171020073,11.23
20171020083,12.805
20171020093,14.885
20171020103,25.29
20171020113,28.06
20171020123,28.36
20171020133,26.84
20171020143,31.49
20171020153,30.41
20171020163,28.045
20171020173,28.085
20171020183,28.29
20171020193,26.885
20171020203,23.05
20171020213,22.44
20171020223,22.145
20171020233,21.4
20171021003,19.375
20171021013,12.52
20171021023,10.155
20171021033,8.82
20171021043,7.525
20171021053,6.965
20171021063,7.225
20171021073,10.13
20171021083,12.32
20171021093,13.91
20171021103,17.685
20171021113,18.45
20171021123,23.24
20171021133,19.175
20171021143,19.57
20171021153,18.335
20171021163,16.505
20171021173,18.475
20171021183,18.17
20171021193,19.375
20171021203,20.365
20171021213,21.67
20171021223,20.225
20171021233,18.88
20171022003,16.355
20171022013,10.005
20171022023,8.57
20171022033,8.23
20171022043,7.17
20171022053,7.255
20171022063,6.895
20171022073,8.615
20171022083,10.855
20171022093,12.165
20171022103,15.015
20171022113,13.96
20171022123,17.02
20171022133,16.04
20171022143,15.155
20171022153,14.235
20171022163,14.725
20171022173,14.275
20171022183,16.36
20171022193,14.9
20171022203,15.835
20171022213,14.81
20171022223,16.75
20171022233,17.61
20171023003,16.77
20171023013,12.015
20171023023,7.97
20171023033,6.65
20171023043,7.02
20171023053,6.675
20171023063,7.31
20171023073,8.905
20171023083,10.055
20171023093,14.57
20171023103,20.63
20171023113,22.795
20171023123,22.68
20171023133,23.195
20171023143,26.145
20171023153,25.355
20171023163,22.78
20171023173,24.16
20171023183,24.675
20171023193,23.745
20171023203,21.825
20171023213,20.965
20171023223,22.21
20171023233,22.52
20171024003,17.525
20171024013,13.58
20171024023,10.745
20171024033,8.77
20171024043,7.51
20171024053,7.19
20171024063,7.17
20171024073,9.19
20171024083,10.85
20171024093,14.17
20171024103,24.155
20171024113,29.785
20171024123,29.725
20171024133,29.92
20171024143,31.42
20171024153,29.695
20171024163,29.03
20171024173,31.165
20171024183,32.3
20171024193,27.93
20171024203,23.39
20171024213,22.74
20171024223,23.03
20171024233,22.815
20171025003,17.41
20171025013,12.695
20171025023,9.33
20171025033,8.525
20171025043,7.94
20171025053,7.555
20171025063,7.675
20171025073,8.36
20171025083,11.005
20171025093,16.83
20171025103,23.36
20171025113,26.44
20171025123,25.155
20171025133,25.82
20171025143,30.515
20171025153,28.665
20171025163,26.96
20171025173,26.06
20171025183,25.95
20171025193,26.175
20171025203,23.77
20171025213,21.805
20171025223,21.985
20171025233,21.425
20171026003,16.725
20171026013,13.085
20171026023,10.725
20171026033,7.82
20171026043,7.45
20171026053,7.88
20171026063,7.655
20171026073,8.525
20171026083,11.425
20171026093,15.495
20171026103,21.27
20171026113,24.35
20171026123,25.7
20171026133,23.755
20171026143,31.985
20171026153,28.645
20171026163,25.6
20171026173,24.76
20171026183,25.925
20171026193,22.42
20171026203,21.38
20171026213,20.47
20171026223,18.545
20171026233,19.93
20171027003,19.27
20171027013,12.97
20171027023,10.305
20171027033,7.8
20171027043,6.845
20171027053,7.545
20171027063,7.54
20171027073,9.9
20171027083,10.76
20171027093,13.95
20171027103,21.975
20171027113,25.98
20171027123,26.355
20171027133,26.77
20171027143,28.865
20171027153,28.315
20171027163,27.62
20171027173,28.24
20171027183,29.26
20171027193,27.125
20171027203,23.795
20171027213,22.35
20171027223,21.56
20171027233,24.045
20171028003,14.85
20171028013,11.16
20171028023,8.97
20171028033,7.28
20171028043,6.97
20171028053,6.81
20171028063,6.925
20171028073,8.19
20171028083,9.3
20171028093,11.705
20171028103,12.94
20171028113,15.215
20171028123,15.575
20171028133,14.955
20171028143,15.35
20171028153,15.1
20171028163,14.875
20171028173,17.5
20171028183,18.7
20171028193,20.76
20171028203,22.57
20171028213,25.27
20171028223,22.495
20171028233,20.37
20171029003,13.855
20171029013,10.12
20171029023,7.89
20171029033,7.0
20171029043,6.935
20171029053,6.64
20171029063,6.65
20171029073,8.17
20171029083,10.425
20171029093,10.83
20171029103,12.885
20171029113,13.15
20171029123,16.775
20171029133,15.185
20171029143,12.585
20171029153,11.385
20171029163,12.57
20171029173,13.285
20171029183,15.73
20171029193,14.2
20171029203,15.49
20171029213,15.05
20171029223,16.18
20171029233,16.76
20171030003,13.145
20171030013,11.775
20171030023,8.975
20171030033,7.56
20171030043,7.17
20171030053,6.88
20171030063,7.23
20171030073,9.35
20171030083,10.78
20171030093,14.255
20171030103,20.99
20171030113,22.92
20171030123,25.135
20171030133,25.42
20171030143,27.47
20171030153,26.3
20171030163,24.425
20171030173,27.245
20171030183,27.88
20171030193,26.02
20171030203,24.5
20171030213,23.0
20171030223,24.0
20171030233,25.735
20171031003,17.135
20171031013,12.755
20171031023,10.635
20171031033,8.97
20171031043,7.565
20171031053,7.36
20171031063,7.69
20171031073,9.855
20171031083,11.9
20171031093,16.375
20171031103,23.545
20171031113,32.03
20171031123,32.57
20171031133,33.02
20171031143,32.97
20171031153,31.43
20171031163,31.305
20171031173,33.36
20171031183,31.525
20171031193,28.185
20171031203,25.275
20171031213,24.955
20171031223,25.37
20171031233,26.41
20170701004,6.68
20170701014,7.39
20170701024,5.2
20170701034,4.05
20170701044,3.615
20170701054,2.805
20170701064,3.93
20170701074,4.685
20170701084,7.195
20170701094,7.63
20170701104,10.895
20170701114,9.455
20170701124,9.98
20170701134,9.565
20170701144,8.99
20170701154,9.11
20170701164,8.335
20170701174,8.415
20170701184,7.1
20170701194,7.935
20170701204,8.225
20170701214,7.24
20170701224,8.875
20170701234,10.015
20170702004,6.12
20170702014,6.44
20170702024,4.21
20170702034,3.675
20170702044,2.59
20170702054,2.055
20170702064,3.245
20170702074,4.425
20170702084,6.135
20170702094,7.4
20170702104,7.765
20170702114,7.46
20170702124,7.945
20170702134,8.355
20170702144,7.635
20170702154,8.975
20170702164,8.46
20170702174,8.355
20170702184,9.665
20170702194,9.595
20170702204,8.4
20170702214,7.94
20170702224,6.18
20170702234,7.725
20170703004,11.365
20170703014,5.865
20170703024,5.135
20170703034,4.68
20170703044,3.89
20170703054,4.055
20170703064,3.275
20170703074,4.985
20170703084,5.62
20170703094,6.045
20170703104,8.045
20170703114,11.43
20170703124,11.895
20170703134,10.275
20170703144,10.065
20170703154,8.705
20170703164,8.375
20170703174,8.3
20170703184,9.28
20170703194,8.52
20170703204,9.68
20170703214,9.66
20170703224,10.085
20170703234,10.165
20170704004,8.7
20170704014,7.255
20170704024,4.765
20170704034,3.985
20170704044,3.7
20170704054,4.285
20170704064,3.5
20170704074,5.02
20170704084,5.595
20170704094,8.295
20170704104,9.45
20170704114,12.215
20170704124,16.755
20170704134,15.275
20170704144,12.675
20170704154,11.945
20170704164,10.695
20170704174,10.345
20170704184,9.535
20170704194,8.485
20170704204,10.1
20170704214,10.44
20170704224,10.84
20170704234,8.43
20170705004,7.385
20170705014,7.2
20170705024,5.885
20170705034,4.635
20170705044,4.455
20170705054,4.375
20170705064,3.88
20170705074,4.92
20170705084,6.08
20170705094,6.32
20170705104,9.295
20170705114,10.18
20170705124,12.105
20170705134,9.16
20170705144,9.355
20170705154,9.355
20170705164,9.07
20170705174,9.18
20170705184,8.61
20170705194,8.805
20170705204,9.0
20170705214,8.695
20170705224,7.745
20170705234,8.55
20170706004,8.49
20170706014,7.345
20170706024,6.235
20170706034,5.645
20170706044,5.07
20170706054,6.31
20170706064,6.39
20170706074,5.87
20170706084,6.21
20170706094,8.37
20170706104,9.815
20170706114,9.55
20170706124,9.93
20170706134,9.47
20170706144,11.475
20170706154,12.64
20170706164,9.79
20170706174,10.63
20170706184,7.595
20170706194,8.29
20170706204,9.095
20170706214,8.585
20170706224,6.42
20170706234,7.645
20170707004,7.655
20170707014,6.5
20170707024,4.24
20170707034,4.53
20170707044,3.435
20170707054,3.565
20170707064,5.095
20170707074,5.405
20170707084,5.3
20170707094,6.43
20170707104,7.655
20170707114,10.565
20170707124,11.41
20170707134,11.225
20170707144,12.32
20170707154,12.925
20170707164,10.335
20170707174,10.0
20170707184,9.4
20170707194,8.985
20170707204,10.625
20170707214,10.93
20170707224,10.38
20170707234,9.295
20170708004,6.255
20170708014,6.59
20170708024,3.27
20170708034,3.165
20170708044,3.62
20170708054,2.935
20170708064,4.425
20170708074,3.56
20170708084,4.785
20170708094,6.135
20170708104,8.8
20170708114,7.685
20170708124,6.95
20170708134,10.43
20170708144,10.045
20170708154,8.645
20170708164,8.32
20170708174,9.96
20170708184,7.795
20170708194,8.895
20170708204,7.965
20170708214,6.585
20170708224,8.965
20170708234,9.145
20170709004,6.66
20170709014,5.605
20170709024,5.125
20170709034,4.675
20170709044,4.345
20170709054,3.62
20170709064,4.77
20170709074,4.875
20170709084,6.27
20170709094,6.77
20170709104,7.995
20170709114,7.12
20170709124,7.615
20170709134,7.005
20170709144,6.51
20170709154,7.935
20170709164,8.22
20170709174,8.25
20170709184,7.62
20170709194,9.395
20170709204,8.445
20170709214,7.805
20170709224,6.67
20170709234,7.17
20170710004,7.34
20170710014,5.165
20170710024,3.795
20170710034,4.045
20170710044,3.635
20170710054,3.725
20170710064,3.005
20170710074,4.17
20170710084,5.135
20170710094,6.27
20170710104,7.14
20170710114,9.08
20170710124,11.63
20170710134,9.555
20170710144,11.75
20170710154,10.89
20170710164,13.065
20170710174,11.01
20170710184,9.42
20170710194,8.595
20170710204,8.125
20170710214,8.285
20170710224,8.895
20170710234,9.325
20170711004,8.34
20170711014,8.445
20170711024,4.77
20170711034,4.95
20170711044,4.965
20170711054,4.835
20170711064,5.245
20170711074,6.625
20170711084,4.78
20170711094,7.1
20170711104,7.915
20170711114,9.305
20170711124,10.705
20170711134,10.135
20170711144,11.645
20170711154,10.96
20170711164,12.46
20170711174,11.72
20170711184,14.84
20170711194,12.02
20170711204,8.76
20170711214,9.64
20170711224,9.45
20170711234,7.505
20170712004,6.825
20170712014,5.985
20170712024,5.83
20170712034,4.045
20170712044,3.83
20170712054,4.32
20170712064,4.24
20170712074,5.43
20170712084,6.775
20170712094,6.41
20170712104,7.71
20170712114,11.005
20170712124,13.005
20170712134,16.28
20170712144,15.16
20170712154,13.275
20170712164,10.335
20170712174,9.955
20170712184,11.155
20170712194,12.11
20170712204,13.535
20170712214,13.005
20170712224,10.07
20170712234,8.925
20170713004,9.215
20170713014,5.835
20170713024,6.065
20170713034,6.01
20170713044,5.055
20170713054,6.125
20170713064,5.715
20170713074,4.85
20170713084,6.42
20170713094,7.835
20170713104,10.49
20170713114,11.915
20170713124,10.16
20170713134,10.315
20170713144,9.6
20170713154,10.19
20170713164,8.335
20170713174,9.085
20170713184,6.845
20170713194,7.325
20170713204,7.515
20170713214,6.6
20170713224,7.14
20170713234,7.36
20170714004,7.82
20170714014,6.185
20170714024,4.83
20170714034,5.205
20170714044,4.32
20170714054,4.555
20170714064,4.735
20170714074,4.225
20170714084,5.545
20170714094,7.55
20170714104,8.555
20170714114,9.675
20170714124,10.345
20170714134,12.09
20170714144,11.85
20170714154,16.045
20170714164,13.17
20170714174,11.73
20170714184,10.115
20170714194,11.18
20170714204,14.735
20170714214,11.245
20170714224,10.345
20170714234,8.465
20170715004,6.435
20170715014,5.79
20170715024,5.46
20170715034,4.505
20170715044,4.12
20170715054,4.25
20170715064,5.05
20170715074,4.38
20170715084,7.52
20170715094,6.575
20170715104,8.66
20170715114,6.65
20170715124,8.115
20170715134,6.38
20170715144,7.23
20170715154,7.595
20170715164,7.66
20170715174,8.45
20170715184,7.59
20170715194,13.33
20170715204,17.56
20170715214,17.17
20170715224,15.93
20170715234,11.595
20170716004,9.43
20170716014,6.37
20170716024,5.565
20170716034,4.19
20170716044,3.465
20170716054,3.085
20170716064,4.115
20170716074,4.54
20170716084,6.185
20170716094,6.785
20170716104,7.965
20170716114,6.505
20170716124,8.31
20170716134,8.505
20170716144,8.615
20170716154,8.205
20170716164,6.015
20170716174,5.74
20170716184,6.43
20170716194,7.955
20170716204,7.455
20170716214,7.875
20170716224,6.815
20170716234,7.175
20170717004,6.855
20170717014,4.89
20170717024,4.785
20170717034,4.795
20170717044,5.05
20170717054,4.525
20170717064,3.29
20170717074,4.54
20170717084,5.06
20170717094,5.63
20170717104,7.495
20170717114,9.39
20170717124,10.405
20170717134,9.905
20170717144,11.52
20170717154,11.97
20170717164,12.34
20170717174,11.355
20170717184,8.965
20170717194,8.915
20170717204,8.835
20170717214,8.66
20170717224,10.0
20170717234,8.265
20170718004,7.59
20170718014,5.62
20170718024,4.79
20170718034,4.245
20170718044,4.24
20170718054,3.54
20170718064,4.26
20170718074,5.495
20170718084,5.01
20170718094,7.515
20170718104,8.505
20170718114,9.225
20170718124,9.825
20170718134,9.41
20170718144,9.395
20170718154,12.08
20170718164,12.655
20170718174,11.08
20170718184,10.685
20170718194,10.23
20170718204,10.455
20170718214,9.485
20170718224,10.26
20170718234,9.525
20170719004,7.495
20170719014,5.79
20170719024,6.01
20170719034,3.465
20170719044,3.245
20170719054,3.705
20170719064,4.125
20170719074,4.4
20170719084,6.335
20170719094,6.705
20170719104,8.05
20170719114,7.67
20170719124,12.965
20170719134,10.07
20170719144,11.225
20170719154,11.905
20170719164,11.92
20170719174,13.255
20170719184,12.735
20170719194,11.995
20170719204,13.355
20170719214,13.36
20170719224,12.73
20170719234,11.56
20170720004,10.74
20170720014,7.925
20170720024,6.67
20170720034,6.105
20170720044,5.76
20170720054,3.845
20170720064,4.17
20170720074,4.82
20170720084,8.06
20170720094,9.515
20170720104,9.79
20170720114,12.305
20170720124,13.465
20170720134,12.19
20170720144,18.06
20170720154,21.605
20170720164,22.095
20170720174,18.685
20170720184,14.57
20170720194,13.4
20170720204,12.14
20170720214,10.605
20170720224,12.62
20170720234,10.56
20170721004,8.22
20170721014,4.545
20170721024,5.025
20170721034,5.28
20170721044,4.835
20170721054,4.715
20170721064,5.17
20170721074,5.315
20170721084,6.175
20170721094,7.175
20170721104,10.115
20170721114,9.985
20170721124,11.015
20170721134,9.3
20170721144,11.14
20170721154,12.69
20170721164,12.865
20170721174,11.77
20170721184,10.505
20170721194,13.285
20170721204,14.38
20170721214,11.45
20170721224,11.045
20170721234,11.505
20170722004,10.925
20170722014,6.79
20170722024,5.385
20170722034,5.25
20170722044,5.03
20170722054,4.8
20170722064,5.32
20170722074,5.06
20170722084,5.0
20170722094,6.06
20170722104,12.035
20170722114,11.84
20170722124,12.02
20170722134,9.785
20170722144,12.17
20170722154,11.255
20170722164,9.53
20170722174,10.515
20170722184,9.875
20170722194,11.665
20170722204,13.13
20170722214,12.01
20170722224,12.28
20170722234,9.605
20170723004,8.06
20170723014,5.9
20170723024,5.09
20170723034,4.525
20170723044,3.935
20170723054,4.39
20170723064,4.825
20170723074,5.055
20170723084,6.2
20170723094,6.615
20170723104,6.505
20170723114,7.69
20170723124,7.545
20170723134,7.205
20170723144,8.05
20170723154,8.97
20170723164,8.575
20170723174,8.195
20170723184,8.35
20170723194,8.45
20170723204,8.175
20170723214,8.355
20170723224,9.205
20170723234,9.745
20170724004,6.835
20170724014,5.195
20170724024,4.63
20170724034,3.99
20170724044,3.335
20170724054,4.605
20170724064,4.355
20170724074,5.6
20170724084,3.99
20170724094,5.755
20170724104,9.63
20170724114,9.52
20170724124,10.265
20170724134,10.275
20170724144,10.595
20170724154,11.625
20170724164,10.875
20170724174,11.515
20170724184,10.56
20170724194,9.13
20170724204,9.165
20170724214,9.015
20170724224,10.035
20170724234,10.07
20170725004,8.335
20170725014,5.615
20170725024,5.02
20170725034,5.115
20170725044,2.58
20170725054,2.46
20170725064,3.655
20170725074,5.83
20170725084,5.18
20170725094,8.18
20170725104,13.365
20170725114,16.44
20170725124,17.65
20170725134,15.305
20170725144,13.43
20170725154,12.74
20170725164,11.595
20170725174,12.2
20170725184,12.605
20170725194,12.17
20170725204,10.04
20170725214,9.785
20170725224,9.8
20170725234,9.205
20170726004,6.975
20170726014,5.97
20170726024,5.34
20170726034,5.305
20170726044,4.15
20170726054,4.485
20170726064,5.275
20170726074,6.31
20170726084,5.77
20170726094,7.475
20170726104,10.32
20170726114,11.82
20170726124,13.44
20170726134,12.4
20170726144,13.88
20170726154,13.995
20170726164,13.765
20170726174,13.275
20170726184,13.45
20170726194,15.12
20170726204,16.8
20170726214,15.06
20170726224,15.535
20170726234,14.18
20170727004,9.585
20170727014,8.67
20170727024,7.315
20170727034,5.505
20170727044,5.175
20170727054,4.87
20170727064,5.56
20170727074,5.565
20170727084,8.025
20170727094,10.68
20170727104,13.185
20170727114,15.14
20170727124,17.42
20170727134,16.55
20170727144,17.985
20170727154,18.795
20170727164,18.35
20170727174,18.16
20170727184,16.305
20170727194,11.99
20170727204,12.19
20170727214,11.995
20170727224,14.055
20170727234,12.975
20170728004,8.085
20170728014,6.715
20170728024,5.275
20170728034,5.23
20170728044,4.6
20170728054,4.67
20170728064,5.23
20170728074,5.45
20170728084,5.135
20170728094,7.67
20170728104,13.625
20170728114,13.96
20170728124,15.225
20170728134,12.59
20170728144,12.415
20170728154,13.6
20170728164,14.525
20170728174,15.17
20170728184,15.365
20170728194,13.92
20170728204,15.065
20170728214,14.695
20170728224,16.47
20170728234,13.725
20170729004,9.055
20170729014,7.41
20170729024,5.735
20170729034,5.275
20170729044,4.94
20170729054,4.745
20170729064,5.005
20170729074,4.89
20170729084,4.6
20170729094,6.335
20170729104,10.695
20170729114,10.215
20170729124,11.06
20170729134,8.845
20170729144,10.99
20170729154,9.4
20170729164,8.425
20170729174,10.01
20170729184,10.275
20170729194,9.875
20170729204,9.905
20170729214,10.085
20170729224,11.24
20170729234,9.495
20170730004,6.825
20170730014,5.95
20170730024,4.23
20170730034,3.875
20170730044,3.85
20170730054,4.3
20170730064,4.545
20170730074,4.805
20170730084,5.48
20170730094,6.745
20170730104,7.22
20170730114,8.065
20170730124,7.885
20170730134,7.145
20170730144,7.56
20170730154,8.415
20170730164,8.125
20170730174,8.0
20170730184,8.77
20170730194,7.69
20170730204,7.73
20170730214,8.065
20170730224,9.56
20170730234,9.635
20170731004,7.345
20170731014,6.19
20170731024,4.915
20170731034,4.85
20170731044,3.88
20170731054,4.735
20170731064,4.475
20170731074,5.59
20170731084,4.755
20170731094,5.945
20170731104,11.22
20170731114,11.42
20170731124,11.855
20170731134,10.715
20170731144,10.305
20170731154,11.98
20170731164,12.085
20170731174,12.745
20170731184,12.6
20170731194,10.52
20170731204,10.62
20170731214,11.33
20170731224,13.295
20170731234,11.745
20170801004,8.815
20170801014,7.145
20170801024,4.935
20170801034,4.415
20170801044,4.33
20170801054,4.48
20170801064,4.035
20170801074,5.445
20170801084,6.375
20170801094,7.995
20170801104,9.39
20170801114,11.455
20170801124,14.975
20170801134,14.665
20170801144,13.4
20170801154,13.35
20170801164,15.305
20170801174,15.4
20170801184,11.4
20170801194,11.41
20170801204,11.49
20170801214,11.0
20170801224,11.17
20170801234,9.0
20170802004,7.87
20170802014,6.765
20170802024,5.55
20170802034,4.795
20170802044,4.25
20170802054,4.465
20170802064,4.22
20170802074,5.02
20170802084,6.35
20170802094,6.565
20170802104,8.42
20170802114,9.695
20170802124,11.55
20170802134,9.255
20170802144,9.075
20170802154,9.825
20170802164,9.67
20170802174,9.72
20170802184,9.11
20170802194,10.535
20170802204,11.725
20170802214,11.06
20170802224,10.155
20170802234,10.07
20170803004,8.705
20170803014,7.21
20170803024,4.8
20170803034,4.095
20170803044,4.09
20170803054,5.22
20170803064,5.575
20170803074,6.93
20170803084,6.98
20170803094,8.365
20170803104,10.88
20170803114,11.38
20170803124,12.35
20170803134,13.915
20170803144,13.42
20170803154,13.48
20170803164,12.28
20170803174,14.44
20170803184,10.775
20170803194,11.65
20170803204,12.28
20170803214,11.115
20170803224,9.5
20170803234,9.745
20170804004,7.905
20170804014,5.805
20170804024,4.375
20170804034,4.355
20170804044,2.655
20170804054,4.225
20170804064,5.12
20170804074,5.38
20170804084,6.465
20170804094,6.215
20170804104,7.495
20170804114,10.22
20170804124,10.64
20170804134,10.02
20170804144,10.14
20170804154,11.595
20170804164,9.79
20170804174,10.03
20170804184,9.8
20170804194,11.44
20170804204,13.535
20170804214,12.785
20170804224,12.11
20170804234,10.955
20170805004,7.315
20170805014,7.165
20170805024,4.35
20170805034,4.355
20170805044,4.185
20170805054,3.14
20170805064,3.86
20170805074,4.405
20170805084,6.835
20170805094,6.985
20170805104,10.935
20170805114,10.175
20170805124,10.43
20170805134,9.895
20170805144,9.51
20170805154,9.205
20170805164,8.56
20170805174,8.79
20170805184,8.05
20170805194,8.09
20170805204,6.705
20170805214,6.35
20170805224,8.075
20170805234,10.22
20170806004,6.415
20170806014,6.105
20170806024,5.125
20170806034,4.295
20170806044,3.175
20170806054,2.33
20170806064,3.455
20170806074,4.77
20170806084,6.39
20170806094,7.78
20170806104,8.285
20170806114,7.95
20170806124,8.435
20170806134,8.0
20170806144,7.685
20170806154,8.835
20170806164,8.195
20170806174,7.795
20170806184,7.81
20170806194,8.42
20170806204,7.0
20170806214,7.48
20170806224,5.12
20170806234,6.4
20170807004,7.92
20170807014,5.415
20170807024,5.05
20170807034,4.985
20170807044,3.98
20170807054,4.13
20170807064,3.79
20170807074,5.19
20170807084,5.39
20170807094,6.86
20170807104,7.74
20170807114,11.27
20170807124,12.08
20170807134,10.415
20170807144,10.82
20170807154,8.965
20170807164,8.84
20170807174,8.51
20170807184,9.515
20170807194,7.695
20170807204,8.09
20170807214,8.565
20170807224,9.49
20170807234,9.64
20170808004,8.13
20170808014,8.14
20170808024,4.605
20170808034,4.445
20170808044,4.525
20170808054,4.37
20170808064,3.905
20170808074,5.945
20170808084,5.66
20170808094,8.265
20170808104,9.325
20170808114,11.98
20170808124,16.595
20170808134,15.03
20170808144,12.88
20170808154,11.885
20170808164,10.5
20170808174,9.99
20170808184,10.22
20170808194,8.59
20170808204,9.375
20170808214,9.8
20170808224,10.045
20170808234,7.715
20170809004,7.89
20170809014,6.78
20170809024,5.92
20170809034,4.6
20170809044,4.725
20170809054,4.45
20170809064,4.06
20170809074,5.165
20170809084,5.815
20170809094,6.275
20170809104,8.95
20170809114,10.455
20170809124,12.605
20170809134,10.315
20170809144,10.215
20170809154,10.02
20170809164,9.295
20170809174,9.095
20170809184,8.145
20170809194,8.63
20170809204,9.32
20170809214,8.875
20170809224,7.505
20170809234,8.01
20170810004,9.185
20170810014,7.02
20170810024,6.065
20170810034,5.975
20170810044,5.65
20170810054,6.64
20170810064,6.505
20170810074,5.945
20170810084,6.355
20170810094,8.275
20170810104,9.695
20170810114,10.115
20170810124,10.04
20170810134,9.395
20170810144,11.29
20170810154,12.455
20170810164,9.99
20170810174,10.82
20170810184,7.455
20170810194,8.305
20170810204,9.345
20170810214,8.975
20170810224,7.01
20170810234,8.385
20170811004,7.47
20170811014,6.29
20170811024,4.015
20170811034,4.365
20170811044,3.555
20170811054,3.52
20170811064,5.14
20170811074,4.86
20170811084,5.215
20170811094,6.88
20170811104,7.09
20170811114,10.71
20170811124,11.49
20170811134,11.695
20170811144,13.44
20170811154,14.255
20170811164,11.12
20170811174,10.29
20170811184,9.585
20170811194,9.265
20170811204,11.3
20170811214,10.805
20170811224,10.465
20170811234,9.245
20170812004,6.62
20170812014,6.57
20170812024,4.185
20170812034,3.52
20170812044,3.605
20170812054,3.695
20170812064,4.845
20170812074,3.745
20170812084,4.855
20170812094,5.525
20170812104,8.345
20170812114,7.54
20170812124,6.52
20170812134,10.29
20170812144,10.53
20170812154,9.525
20170812164,8.985
20170812174,10.415
20170812184,8.09
20170812194,9.265
20170812204,8.855
20170812214,7.605
20170812224,9.425
20170812234,9.145
20170813004,7.25
20170813014,5.57
20170813024,5.41
20170813034,4.81
20170813044,4.375
20170813054,3.865
20170813064,4.83
20170813074,4.51
20170813084,6.335
20170813094,6.145
20170813104,7.82
20170813114,7.095
20170813124,7.705
20170813134,6.955
20170813144,6.39
20170813154,7.68
20170813164,7.835
20170813174,7.68
20170813184,7.49
20170813194,9.275
20170813204,8.145
20170813214,7.665
20170813224,6.925
20170813234,7.32
20170814004,7.625
20170814014,5.1
20170814024,4.205
20170814034,4.34
20170814044,3.805
20170814054,3.94
20170814064,3.02
20170814074,4.445
20170814084,5.64
20170814094,6.365
20170814104,7.665
20170814114,8.46
20170814124,11.265
20170814134,9.845
20170814144,11.585
20170814154,11.115
20170814164,13.085
20170814174,10.87
20170814184,9.335
20170814194,8.79
20170814204,8.015
20170814214,8.075
20170814224,8.845
20170814234,9.33
20170815004,7.93
20170815014,6.935
20170815024,4.86
20170815034,5.08
20170815044,4.975
20170815054,4.945
20170815064,5.205
20170815074,6.77
20170815084,4.75
20170815094,7.715
20170815104,8.345
20170815114,9.105
20170815124,10.195
20170815134,9.655
20170815144,11.015
20170815154,11.315
20170815164,12.52
20170815174,11.745
20170815184,14.73
20170815194,12.105
20170815204,8.995
20170815214,9.76
20170815224,9.805
20170815234,7.765
20170816004,6.85
20170816014,5.625
20170816024,5.835
20170816034,4.06
20170816044,3.33
20170816054,4.4
20170816064,4.745
20170816074,5.67
20170816084,7.035
20170816094,6.7
20170816104,7.9
20170816114,10.63
20170816124,12.82
20170816134,16.34
20170816144,15.24
20170816154,14.28
20170816164,11.045
20170816174,10.045
20170816184,10.795
20170816194,11.575
20170816204,14.155
20170816214,13.43
20170816224,10.94
20170816234,8.81
20170817004,9.165
20170817014,6.01
20170817024,6.17
20170817034,6.295
20170817044,5.5
20170817054,5.845
20170817064,5.545
20170817074,4.465
20170817084,7.14
20170817094,8.58
20170817104,10.85
20170817114,11.54
20170817124,10.275
20170817134,10.18
20170817144,9.715
20170817154,11.435
20170817164,10.055
20170817174,10.175
20170817184,8.09
20170817194,8.665
20170817204,9.2
20170817214,7.57
20170817224,8.04
20170817234,7.55
20170818004,6.745
20170818014,5.015
20170818024,4.965
20170818034,5.1
20170818044,4.705
20170818054,4.46
20170818064,4.655
20170818074,4.07
20170818084,5.48
20170818094,7.155
20170818104,9.635
20170818114,8.91
20170818124,10.045
20170818134,11.095
20170818144,10.95
20170818154,16.14
20170818164,14.255
20170818174,12.165
20170818184,10.05
20170818194,12.665
20170818204,16.835
20170818214,12.1
20170818224,11.255
20170818234,9.115
20170819004,7.33
20170819014,5.78
20170819024,5.105
20170819034,4.74
20170819044,4.755
20170819054,4.69
20170819064,5.87
20170819074,5.225
20170819084,7.165
20170819094,5.995
20170819104,9.02
20170819114,6.97
20170819124,8.755
20170819134,6.105
20170819144,7.395
20170819154,7.18
20170819164,7.27
20170819174,8.115
20170819184,7.765
20170819194,10.5
20170819204,13.69
20170819214,12.485
20170819224,13.33
20170819234,10.675
20170820004,9.605
20170820014,7.225
20170820024,5.895
20170820034,4.51
20170820044,3.635
20170820054,3.405
20170820064,4.265
20170820074,4.78
20170820084,6.295
20170820094,7.025
20170820104,7.14
20170820114,6.695
20170820124,8.55
20170820134,8.39
20170820144,8.71
20170820154,8.04
20170820164,5.935
20170820174,5.265
20170820184,6.34
20170820194,7.5
20170820204,7.655
20170820214,7.745
20170820224,7.285
20170820234,7.16
20170821004,6.495
20170821014,4.78
20170821024,4.855
20170821034,4.635
20170821044,4.69
20170821054,4.545
20170821064,3.39
20170821074,5.12
20170821084,4.11
20170821094,4.935
20170821104,8.18
20170821114,10.14
20170821124,11.095
20170821134,10.815
20170821144,12.225
20170821154,12.635
20170821164,12.585
20170821174,12.125
20170821184,9.08
20170821194,8.81
20170821204,7.95
20170821214,8.6
20170821224,10.04
20170821234,8.185
20170822004,7.625
20170822014,5.21
20170822024,4.885
20170822034,4.725
20170822044,3.64
20170822054,3.11
20170822064,3.975
20170822074,5.355
20170822084,5.455
20170822094,7.9
20170822104,9.675
20170822114,10.92
20170822124,11.15
20170822134,10.045
20170822144,9.865
20170822154,12.855
20170822164,13.16
20170822174,11.57
20170822184,10.755
20170822194,10.73
20170822204,10.69
20170822214,9.475
20170822224,10.22
20170822234,9.995
20170823004,7.145
20170823014,5.805
20170823024,6.575
20170823034,4.165
20170823044,3.745
20170823054,4.045
20170823064,4.43
20170823074,5.04
20170823084,6.135
20170823094,7.175
20170823104,8.94
20170823114,8.425
20170823124,12.995
20170823134,9.71
20170823144,11.29
20170823154,12.015
20170823164,12.335
20170823174,11.485
20170823184,11.315
20170823194,12.595
20170823204,14.18
20170823214,13.195
20170823224,12.57
20170823234,12.04
20170824004,10.15
20170824014,7.12
20170824024,6.415
20170824034,5.795
20170824044,5.73
20170824054,3.63
20170824064,4.035
20170824074,4.915
20170824084,8.21
20170824094,9.535
20170824104,10.72
20170824114,12.87
20170824124,14.14
20170824134,12.945
20170824144,18.795
20170824154,22.535
20170824164,22.765
20170824174,19.8
20170824184,15.27
20170824194,14.01
20170824204,12.81
20170824214,11.12
20170824224,13.535
20170824234,11.6
20170825004,8.015
20170825014,5.03
20170825024,4.605
20170825034,5.24
20170825044,4.735
20170825054,5.11
20170825064,5.28
20170825074,5.485
20170825084,5.32
20170825094,7.235
20170825104,10.915
20170825114,10.525
20170825124,10.82
20170825134,8.665
20170825144,11.04
20170825154,11.69
20170825164,11.7
20170825174,11.61
20170825184,10.435
20170825194,13.63
20170825204,15.145
20170825214,11.075
20170825224,10.365
20170825234,12.07
20170826004,9.45
20170826014,6.18
20170826024,5.28
20170826034,4.98
20170826044,4.39
20170826054,4.595
20170826064,4.82
20170826074,4.55
20170826084,4.315
20170826094,5.415
20170826104,10.7
20170826114,10.145
20170826124,10.05
20170826134,8.125
20170826144,10.36
20170826154,9.16
20170826164,7.655
20170826174,9.19
20170826184,9.7
20170826194,11.805
20170826204,13.085
20170826214,14.07
20170826224,11.77
20170826234,9.115
20170827004,7.505
20170827014,5.69
20170827024,4.345
20170827034,3.735
20170827044,3.685
20170827054,4.235
20170827064,4.505
20170827074,4.825
20170827084,5.76
20170827094,6.26
20170827104,7.2
20170827114,8.235
20170827124,8.21
20170827134,7.315
20170827144,7.665
20170827154,8.63
20170827164,8.205
20170827174,8.105
20170827184,8.91
20170827194,8.38
20170827204,8.595
20170827214,10.345
20170827224,10.36
20170827234,9.88
20170828004,6.855
20170828014,5.45
20170828024,4.845
20170828034,4.285
20170828044,3.255
20170828054,4.635
20170828064,4.82
20170828074,5.815
20170828084,4.495
20170828094,6.04
20170828104,10.96
20170828114,11.61
20170828124,12.895
20170828134,11.47
20170828144,11.13
20170828154,12.305
20170828164,11.995
20170828174,12.67
20170828184,12.535
20170828194,10.25
20170828204,10.585
20170828214,10.65
20170828224,12.05
20170828234,11.39
20170829004,8.905
20170829014,6.16
20170829024,5.405
20170829034,5.13
20170829044,2.925
20170829054,2.655
20170829064,3.575
20170829074,5.62
20170829084,4.69
20170829094,7.63
20170829104,16.28
20170829114,19.91
20170829124,22.1
20170829134,17.49
20170829144,15.06
20170829154,13.555
20170829164,12.505
20170829174,13.66
20170829184,14.37
20170829194,12.735
20170829204,10.745
20170829214,11.365
20170829224,12.345
20170829234,10.695
20170830004,8.58
20170830014,6.425
20170830024,4.975
20170830034,5.355
20170830044,4.575
20170830054,4.825
20170830064,5.335
20170830074,6.025
20170830084,6.225
20170830094,8.21
20170830104,12.14
20170830114,12.94
20170830124,13.185
20170830134,13.245
20170830144,14.02
20170830154,15.355
20170830164,15.115
20170830174,15.04
20170830184,15.62
20170830194,17.065
20170830204,18.755
20170830214,16.73
20170830224,18.715
20170830234,16.415
20170831004,12.45
20170831014,9.645
20170831024,7.57
20170831034,5.625
20170831044,4.915
20170831054,4.965
20170831064,5.51
20170831074,5.91
20170831084,7.675
20170831094,11.175
20170831104,12.8
20170831114,14.56
20170831124,16.745
20170831134,15.715
20170831144,16.325
20170831154,17.19
20170831164,17.475
20170831174,17.495
20170831184,16.02
20170831194,11.505
20170831204,12.065
20170831214,12.985
20170831224,14.645
20170831234,13.31
20170901004,8.57
20170901014,5.885
20170901024,4.085
20170901034,4.125
20170901044,2.53
20170901054,4.65
20170901064,5.38
20170901074,6.055
20170901084,7.605
20170901094,6.075
20170901104,8.21
20170901114,9.89
20170901124,10.62
20170901134,11.185
20170901144,10.47
20170901154,12.055
20170901164,11.12
20170901174,12.15
20170901184,10.935
20170901194,13.6
20170901204,15.645
20170901214,14.625
20170901224,13.485
20170901234,12.275
20170902004,7.135
20170902014,7.67
20170902024,5.38
20170902034,4.315
20170902044,3.685
20170902054,3.04
20170902064,4.145
20170902074,4.79
20170902084,6.995
20170902094,7.38
20170902104,11.08
20170902114,9.58
20170902124,10.035
20170902134,9.375
20170902144,8.905
20170902154,8.885
20170902164,8.105
20170902174,8.135
20170902184,7.06
20170902194,8.15
20170902204,8.195
20170902214,7.265
20170902224,9.15
20170902234,10.28
20170903004,6.25
20170903014,6.26
20170903024,4.43
20170903034,3.8
20170903044,2.79
20170903054,2.17
20170903064,3.36
20170903074,4.455
20170903084,6.19
20170903094,7.625
20170903104,7.8
20170903114,7.445
20170903124,7.86
20170903134,8.29
20170903144,7.96
20170903154,9.235
20170903164,8.43
20170903174,8.25
20170903184,9.48
20170903194,9.38
20170903204,8.21
20170903214,8.51
20170903224,5.985
20170903234,7.67
20170904004,9.99
20170904014,5.495
20170904024,5.605
20170904034,5.21
20170904044,4.29
20170904054,4.34
20170904064,3.54
20170904074,5.495
20170904084,5.94
20170904094,6.94
20170904104,8.18
20170904114,11.725
20170904124,12.13
20170904134,10.405
20170904144,10.595
20170904154,8.515
20170904164,8.1
20170904174,8.075
20170904184,9.17
20170904194,7.565
20170904204,8.4
20170904214,8.61
20170904224,9.465
20170904234,9.675
20170905004,8.645
20170905014,7.55
20170905024,4.71
20170905034,4.285
20170905044,4.085
20170905054,4.16
20170905064,3.355
20170905074,5.27
20170905084,5.62
20170905094,8.665
20170905104,9.735
20170905114,12.755
20170905124,17.56
20170905134,15.93
20170905144,13.01
20170905154,12.01
20170905164,10.225
20170905174,9.82
20170905184,9.97
20170905194,8.515
20170905204,9.8
20170905214,10.245
20170905224,10.925
20170905234,8.4
20170906004,7.62
20170906014,7.575
20170906024,6.025
20170906034,4.88
20170906044,4.65
20170906054,4.45
20170906064,3.93
20170906074,5.12
20170906084,6.33
20170906094,6.63
20170906104,9.395
20170906114,10.17
20170906124,12.31
20170906134,9.145
20170906144,9.3
20170906154,9.265
20170906164,9.17
20170906174,9.25
20170906184,8.105
20170906194,8.205
20170906204,8.825
20170906214,8.575
20170906224,7.71
20170906234,8.385
20170907004,8.905
20170907014,7.67
20170907024,6.465
20170907034,5.925
20170907044,5.335
20170907054,6.435
20170907064,6.375
20170907074,6.085
20170907084,6.465
20170907094,8.705
20170907104,9.695
20170907114,9.43
20170907124,9.72
20170907134,9.175
20170907144,11.365
20170907154,12.58
20170907164,9.955
20170907174,10.69
20170907184,7.565
20170907194,8.245
20170907204,8.94
20170907214,8.7
20170907224,6.24
20170907234,7.72
20170908004,8.055
20170908014,6.57
20170908024,4.155
20170908034,4.495
20170908044,3.575
20170908054,3.62
20170908064,5.295
20170908074,5.47
20170908084,5.225
20170908094,6.66
20170908104,7.23
20170908114,10.61
20170908124,11.255
20170908134,11.14
20170908144,12.8
20170908154,13.525
20170908164,10.44
20170908174,9.96
20170908184,9.39
20170908194,9.125
20170908204,10.82
20170908214,11.015
20170908224,10.535
20170908234,9.415
20170909004,6.63
20170909014,6.77
20170909024,3.44
20170909034,3.335
20170909044,3.805
20170909054,3.08
20170909064,4.615
20170909074,3.855
20170909084,4.56
20170909094,5.89
20170909104,8.86
20170909114,7.75
20170909124,6.845
20170909134,10.715
20170909144,10.335
20170909154,8.845
20170909164,8.45
20170909174,10.125
20170909184,7.98
20170909194,9.8
20170909204,8.73
20170909214,7.255
20170909224,9.725
20170909234,9.46
20170910004,6.88
20170910014,5.62
20170910024,5.27
20170910034,4.855
20170910044,4.5
20170910054,3.855
20170910064,4.925
20170910074,4.685
20170910084,6.365
20170910094,6.655
20170910104,8.045
20170910114,7.41
20170910124,7.88
20170910134,7.205
20170910144,6.595
20170910154,8.11
20170910164,8.52
20170910174,8.49
20170910184,8.02
20170910194,10.815
20170910204,11.415
20170910214,10.26
20170910224,8.575
20170910234,8.56
20170911004,7.735
20170911014,5.385
20170911024,4.08
20170911034,4.3
20170911044,3.795
20170911054,3.96
20170911064,3.085
20170911074,4.44
20170911084,5.53
20170911094,6.57
20170911104,7.365
20170911114,8.635
20170911124,11.56
20170911134,9.565
20170911144,11.91
20170911154,10.88
20170911164,13.48
20170911174,11.08
20170911184,9.4
20170911194,8.545
20170911204,7.87
20170911214,8.25
20170911224,8.955
20170911234,9.485
20170912004,8.595
20170912014,8.635
20170912024,4.91
20170912034,5.195
20170912044,5.06
20170912054,4.94
20170912064,5.45
20170912074,6.9
20170912084,4.735
20170912094,7.555
20170912104,7.89
20170912114,9.0
20170912124,10.44
20170912134,9.85
20170912144,11.515
20170912154,10.8
20170912164,12.71
20170912174,11.795
20170912184,15.245
20170912194,12.37
20170912204,8.66
20170912214,9.585
20170912224,9.545
20170912234,7.545
20170913004,7.125
20170913014,6.125
20170913024,6.135
20170913034,4.185
20170913044,3.66
20170913054,4.215
20170913064,4.25
20170913074,5.67
20170913084,7.115
20170913094,6.665
20170913104,7.68
20170913114,11.08
20170913124,12.995
20170913134,16.5
20170913144,15.29
20170913154,13.44
20170913164,10.335
20170913174,9.965
20170913184,11.23
20170913194,12.195
20170913204,13.67
20170913214,13.125
20170913224,10.21
20170913234,8.855
20170914004,9.555
20170914014,5.955
20170914024,6.0
20170914034,6.255
20170914044,5.305
20170914054,6.295
20170914064,5.78
20170914074,4.94
20170914084,6.83
20170914094,8.47
20170914104,10.555
20170914114,12.035
20170914124,10.205
20170914134,10.45
20170914144,9.51
20170914154,10.1
20170914164,8.125
20170914174,9.11
20170914184,6.835
20170914194,7.315
20170914204,7.515
20170914214,6.395
20170914224,7.195
20170914234,7.225
20170915004,7.135
20170915014,6.0
20170915024,4.95
20170915034,5.52
20170915044,4.605
20170915054,4.8
20170915064,4.79
20170915074,4.15
20170915084,5.585
20170915094,8.04
20170915104,9.1
20170915114,9.705
20170915124,10.25
20170915134,11.99
20170915144,11.395
20170915154,16.305
20170915164,13.37
20170915174,11.77
20170915184,9.695
20170915194,10.91
20170915204,15.35
20170915214,11.21
20170915224,10.24
20170915234,8.28
20170916004,7.155
20170916014,6.065
20170916024,5.335
20170916034,4.735
20170916044,4.345
20170916054,4.415
20170916064,5.155
20170916074,4.63
20170916084,7.4
20170916094,6.335
20170916104,8.395
20170916114,6.4
20170916124,8.165
20170916134,5.95
20170916144,6.985
20170916154,7.41
20170916164,7.46
20170916174,8.165
20170916184,7.655
20170916194,12.61
20170916204,15.615
20170916214,15.715
20170916224,14.45
20170916234,11.825
20170917004,9.685
20170917014,6.765
20170917024,5.84
20170917034,4.405
20170917044,3.615
20170917054,3.315
20170917064,4.17
20170917074,4.63
20170917084,6.325
20170917094,6.945
20170917104,8.105
20170917114,6.77
20170917124,8.655
20170917134,8.94
20170917144,9.355
20170917154,8.42
20170917164,6.195
20170917174,5.885
20170917184,6.95
20170917194,9.155
20170917204,9.26
20170917214,9.475
20170917224,7.96
20170917234,8.06
20170918004,7.415
20170918014,5.215
20170918024,5.035
20170918034,4.905
20170918044,5.125
20170918054,4.63
20170918064,3.645
20170918074,4.86
20170918084,4.74
20170918094,5.76
20170918104,7.855
20170918114,9.76
20170918124,10.73
20170918134,10.22
20170918144,12.015
20170918154,12.185
20170918164,12.435
20170918174,11.53
20170918184,8.89
20170918194,8.82
20170918204,8.475
20170918214,8.415
20170918224,10.2
20170918234,8.115
20170919004,7.7
20170919014,5.575
20170919024,4.81
20170919034,4.43
20170919044,4.205
20170919054,3.39
20170919064,4.115
20170919074,5.49
20170919084,5.25
20170919094,7.8
20170919104,8.455
20170919114,9.51
20170919124,9.62
20170919134,9.375
20170919144,9.11
20170919154,12.37
20170919164,12.595
20170919174,11.03
20170919184,10.23
20170919194,9.915
20170919204,10.47
20170919214,9.26
20170919224,10.105
20170919234,9.775
20170920004,7.69
20170920014,6.14
20170920024,6.56
20170920034,3.42
20170920044,3.385
20170920054,3.855
20170920064,4.195
20170920074,4.605
20170920084,6.385
20170920094,7.37
20170920104,7.995
20170920114,7.69
20170920124,12.995
20170920134,9.905
20170920144,10.98
20170920154,11.85
20170920164,12.29
20170920174,12.895
20170920184,12.25
20170920194,11.875
20170920204,13.245
20170920214,13.55
20170920224,12.88
20170920234,11.775
20170921004,10.865
20170921014,8.055
20170921024,7.065
20170921034,6.185
20170921044,5.83
20170921054,3.775
20170921064,4.29
20170921074,5.01
20170921084,8.305
20170921094,9.805
20170921104,9.955
20170921114,12.52
20170921124,13.925
20170921134,12.735
20170921144,18.535
20170921154,22.33
20170921164,22.875
20170921174,19.445
20170921184,15.155
20170921194,13.785
20170921204,12.2
20170921214,10.855
20170921224,13.215
20170921234,11.035
20170922004,9.2
20170922014,4.93
20170922024,4.92
20170922034,5.59
20170922044,5.11
20170922054,4.97
20170922064,5.495
20170922074,5.66
20170922084,6.575
20170922094,8.03
20170922104,10.745
20170922114,10.435
20170922124,11.285
20170922134,9.29
20170922144,11.605
20170922154,13.425
20170922164,13.715
20170922174,12.475
20170922184,11.2
20170922194,14.305
20170922204,15.22
20170922214,11.775
20170922224,11.53
20170922234,12.22
20170923004,11.83
20170923014,6.895
20170923024,5.28
20170923034,5.48
20170923044,5.365
20170923054,5.11
20170923064,5.53
20170923074,5.335
20170923084,5.01
20170923094,6.05
20170923104,11.935
20170923114,11.58
20170923124,11.875
20170923134,9.72
20170923144,11.845
20170923154,10.94
20170923164,9.055
20170923174,10.25
20170923184,9.655
20170923194,11.885
20170923204,12.725
20170923214,11.16
20170923224,11.605
20170923234,9.04
20170924004,8.87
20170924014,6.23
20170924024,5.415
20170924034,4.695
20170924044,4.08
20170924054,4.58
20170924064,4.79
20170924074,5.05
20170924084,6.4
20170924094,7.055
20170924104,6.98
20170924114,8.38
20170924124,7.56
20170924134,7.46
20170924144,8.385
20170924154,9.355
20170924164,9.155
20170924174,8.92
20170924184,9.375
20170924194,9.575
20170924204,9.79
20170924214,10.245
20170924224,10.805
20170924234,11.105
20170925004,7.78
20170925014,5.965
20170925024,5.2
20170925034,4.12
20170925044,3.215
20170925054,4.91
20170925064,4.665
20170925074,5.915
20170925084,4.19
20170925094,6.535
20170925104,9.865
20170925114,9.735
20170925124,10.49
20170925134,10.52
20170925144,10.595
20170925154,11.725
20170925164,10.87
20170925174,11.585
20170925184,10.58
20170925194,8.715
20170925204,9.08
20170925214,8.99
20170925224,10.015
20170925234,9.975
20170926004,8.645
20170926014,6.055
20170926024,5.36
20170926034,4.99
20170926044,2.505
20170926054,2.525
20170926064,3.715
20170926074,5.725
20170926084,4.705
20170926094,8.06
20170926104,15.055
20170926114,18.43
20170926124,20.225
20170926134,16.97
20170926144,14.255
20170926154,12.83
20170926164,11.55
20170926174,12.385
20170926184,12.985
20170926194,12.19
20170926204,9.87
20170926214,9.93
20170926224,10.075
20170926234,9.37
20170927004,7.77
20170927014,6.23
20170927024,5.365
20170927034,5.505
20170927044,4.465
20170927054,4.64
20170927064,5.445
20170927074,6.855
20170927084,6.2
20170927094,8.045
20170927104,11.83
20170927114,13.15
20170927124,14.47
20170927134,13.465
20170927144,14.605
20170927154,14.89
20170927164,14.515
20170927174,14.15
20170927184,14.73
20170927194,16.62
20170927204,18.07
20170927214,15.96
20170927224,16.76
20170927234,15.215
20170928004,10.685
20170928014,9.505
20170928024,7.635
20170928034,5.76
20170928044,5.4
20170928054,5.145
20170928064,5.815
20170928074,6.08
20170928084,8.435
20170928094,11.44
20170928104,12.9
20170928114,15.03
20170928124,17.835
20170928134,16.84
20170928144,17.24
20170928154,18.09
20170928164,18.415
20170928174,18.405
20170928184,16.875
20170928194,11.94
20170928204,12.56
20170928214,12.62
20170928224,14.65
20170928234,13.795
20170929004,9.295
20170929014,7.555
20170929024,5.775
20170929034,5.74
20170929044,5.255
20170929054,5.09
20170929064,5.34
20170929074,5.475
20170929084,5.695
20170929094,7.835
20170929104,13.455
20170929114,13.67
20170929124,14.395
20170929134,12.31
20170929144,12.055
20170929154,14.05
20170929164,15.445
20170929174,15.995
20170929184,15.975
20170929194,13.65
20170929204,14.74
20170929214,15.345
20170929224,17.585
20170929234,13.97
20170930004,10.135
20170930014,7.765
20170930024,5.96
20170930034,5.57
20170930044,5.175
20170930054,4.99
20170930064,5.255
20170930074,5.17
20170930084,4.825
20170930094,6.435
20170930104,10.565
20170930114,10.145
20170930124,10.68
20170930134,8.745
20170930144,10.675
20170930154,9.53
20170930164,8.525
20170930174,10.0
20170930184,10.27
20170930194,10.205
20170930204,10.115
20170930214,10.345
20170930224,11.725
20170930234,9.63
20171001004,6.41
20171001014,6.16
20171001024,5.03
20171001034,4.375
20171001044,3.565
20171001054,2.84
20171001064,3.785
20171001074,5.015
20171001084,6.31
20171001094,7.54
20171001104,7.875
20171001114,7.43
20171001124,7.655
20171001134,8.225
20171001144,7.635
20171001154,8.52
20171001164,8.26
20171001174,8.175
20171001184,9.415
20171001194,9.44
20171001204,8.605
20171001214,8.78
20171001224,7.16
20171001234,8.6
20171002004,11.385
20171002014,6.645
20171002024,5.64
20171002034,5.21
20171002044,4.31
20171002054,4.38
20171002064,3.625
20171002074,5.1
20171002084,6.25
20171002094,5.98
20171002104,8.195
20171002114,11.045
20171002124,11.495
20171002134,10.04
20171002144,9.805
20171002154,9.37
20171002164,8.515
20171002174,8.21
20171002184,9.35
20171002194,9.01
20171002204,10.485
20171002214,10.48
20171002224,10.9
20171002234,10.59
20171003004,8.905
20171003014,7.48
20171003024,4.975
20171003034,4.465
20171003044,4.46
20171003054,4.545
20171003064,4.04
20171003074,5.335
20171003084,6.215
20171003094,8.11
20171003104,9.57
20171003114,12.36
20171003124,16.275
20171003134,15.05
20171003144,13.225
20171003154,12.995
20171003164,13.325
20171003174,13.07
20171003184,10.945
20171003194,10.235
20171003204,11.135
20171003214,10.725
20171003224,11.2
20171003234,8.78
20171004004,8.205
20171004014,7.13
20171004024,5.96
20171004034,4.86
20171004044,4.39
20171004054,4.4
20171004064,4.075
20171004074,5.075
20171004084,6.65
20171004094,6.875
20171004104,9.22
20171004114,10.215
20171004124,11.985
20171004134,9.255
20171004144,9.335
20171004154,9.405
20171004164,9.185
20171004174,9.245
20171004184,8.375
20171004194,9.135
20171004204,9.77
20171004214,9.325
20171004224,8.2
20171004234,8.75
20171005004,9.285
20171005014,7.55
20171005024,6.01
20171005034,5.515
20171005044,5.005
20171005054,6.235
20171005064,6.245
20171005074,6.14
20171005084,6.56
20171005094,8.86
20171005104,9.98
20171005114,9.955
20171005124,10.165
20171005134,9.61
20171005144,11.44
20171005154,12.515
20171005164,9.755
20171005174,10.835
20171005184,7.75
20171005194,8.45
20171005204,9.505
20171005214,8.99
20171005224,6.94
20171005234,8.105
20171006004,8.025
20171006014,6.64
20171006024,4.31
20171006034,4.405
20171006044,3.415
20171006054,3.52
20171006064,4.77
20171006074,5.515
20171006084,5.48
20171006094,6.865
20171006104,7.77
20171006114,10.825
20171006124,11.705
20171006134,11.4
20171006144,12.265
20171006154,12.93
20171006164,10.21
20171006174,9.91
20171006184,9.335
20171006194,9.0
20171006204,10.815
20171006214,10.99
20171006224,10.65
20171006234,9.595
20171007004,6.815
20171007014,7.035
20171007024,3.9
20171007034,3.98
20171007044,4.15
20171007054,3.405
20171007064,4.415
20171007074,3.785
20171007084,4.705
20171007094,6.03
20171007104,9.16
20171007114,8.265
20171007124,6.885
20171007134,10.725
20171007144,10.24
20171007154,9.045
20171007164,8.74
20171007174,10.33
20171007184,8.175
20171007194,9.785
20171007204,8.65
20171007214,8.14
20171007224,9.595
20171007234,9.67
20171008004,7.065
20171008014,6.0
20171008024,5.6
20171008034,4.915
20171008044,4.53
20171008054,3.84
20171008064,4.99
20171008074,5.44
20171008084,6.745
20171008094,7.12
20171008104,8.365
20171008114,7.345
20171008124,8.255
20171008134,7.43
20171008144,6.905
20171008154,8.265
20171008164,8.5
20171008174,8.44
20171008184,8.06
20171008194,9.715
20171008204,8.455
20171008214,8.205
20171008224,7.035
20171008234,7.625
20171009004,8.105
20171009014,5.88
20171009024,4.315
20171009034,4.265
20171009044,3.805
20171009054,3.895
20171009064,3.755
20171009074,4.765
20171009084,5.19
20171009094,7.26
20171009104,7.2
20171009114,9.26
20171009124,11.445
20171009134,9.54
20171009144,11.825
20171009154,10.975
20171009164,12.96
20171009174,11.115
20171009184,9.695
20171009194,8.85
20171009204,7.74
20171009214,8.33
20171009224,9.02
20171009234,9.39
20171010004,8.515
20171010014,8.66
20171010024,4.825
20171010034,4.705
20171010044,4.92
20171010054,5.005
20171010064,5.41
20171010074,6.7
20171010084,4.975
20171010094,7.365
20171010104,8.06
20171010114,9.5
20171010124,11.035
20171010134,10.275
20171010144,11.74
20171010154,11.085
20171010164,12.46
20171010174,11.7
20171010184,14.87
20171010194,11.675
20171010204,9.02
20171010214,9.85
20171010224,9.685
20171010234,7.69
20171011004,7.44
20171011014,6.165
20171011024,5.675
20171011034,4.22
20171011044,3.885
20171011054,4.345
20171011064,4.18
20171011074,5.34
20171011084,6.71
20171011094,6.96
20171011104,7.8
20171011114,10.93
20171011124,13.2
20171011134,15.8
20171011144,14.83
20171011154,13.065
20171011164,10.245
20171011174,9.975
20171011184,10.965
20171011194,12.005
20171011204,13.195
20171011214,12.59
20171011224,9.775
20171011234,8.93
20171012004,9.685
20171012014,6.23
20171012024,6.395
20171012034,6.21
20171012044,5.34
20171012054,6.36
20171012064,5.81
20171012074,5.1
20171012084,6.965
20171012094,8.45
20171012104,10.615
20171012114,11.865
20171012124,10.485
20171012134,10.325
20171012144,9.83
20171012154,10.425
20171012164,8.635
20171012174,9.52
20171012184,7.11
20171012194,7.655
20171012204,7.82
20171012214,7.055
20171012224,7.095
20171012234,7.53
20171013004,7.815
20171013014,6.61
20171013024,5.35
20171013034,5.13
20171013044,4.33
20171013054,4.605
20171013064,4.93
20171013074,4.875
20171013084,5.43
20171013094,8.905
20171013104,8.32
20171013114,9.595
20171013124,10.415
20171013134,11.815
20171013144,11.95
20171013154,15.775
20171013164,13.255
20171013174,11.74
20171013184,10.205
20171013194,10.99
20171013204,14.29
20171013214,11.215
20171013224,10.22
20171013234,8.61
20171014004,7.505
20171014014,6.245
20171014024,5.94
20171014034,4.55
20171014044,4.45
20171014054,4.685
20171014064,5.43
20171014074,4.73
20171014084,7.23
20171014094,6.57
20171014104,8.395
20171014114,6.555
20171014124,8.18
20171014134,6.71
20171014144,7.79
20171014154,7.635
20171014164,7.75
20171014174,8.515
20171014184,7.655
20171014194,9.425
20171014204,12.155
20171014214,12.57
20171014224,12.375
20171014234,10.77
20171015004,9.365
20171015014,6.44
20171015024,6.19
20171015034,4.6
20171015044,3.655
20171015054,3.305
20171015064,4.35
20171015074,4.87
20171015084,6.685
20171015094,7.455
20171015104,8.2
20171015114,6.885
20171015124,8.24
20171015134,8.41
20171015144,8.55
20171015154,8.49
20171015164,6.22
20171015174,6.095
20171015184,6.87
20171015194,8.365
20171015204,8.19
20171015214,8.395
20171015224,7.28
20171015234,7.51
20171016004,7.48
20171016014,5.1
20171016024,4.93
20171016034,4.88
20171016044,4.89
20171016054,4.335
20171016064,3.635
20171016074,4.865
20171016084,5.12
20171016094,6.24
20171016104,7.98
20171016114,9.58
20171016124,10.655
20171016134,10.255
20171016144,11.985
20171016154,12.42
20171016164,12.735
20171016174,11.555
20171016184,9.16
20171016194,9.16
20171016204,9.03
20171016214,8.77
20171016224,9.865
20171016234,8.43
20171017004,7.435
20171017014,5.925
20171017024,5.0
20171017034,4.835
20171017044,4.65
20171017054,3.905
20171017064,4.51
20171017074,5.86
20171017084,5.14
20171017094,8.145
20171017104,8.585
20171017114,9.525
20171017124,10.05
20171017134,9.44
20171017144,9.505
20171017154,12.02
20171017164,12.66
20171017174,11.075
20171017184,11.075
20171017194,10.515
20171017204,10.35
20171017214,9.435
20171017224,10.08
20171017234,9.28
20171018004,7.865
20171018014,5.955
20171018024,6.3
20171018034,3.84
20171018044,3.335
20171018054,4.025
20171018064,4.505
20171018074,4.91
20171018084,6.555
20171018094,7.245
20171018104,8.16
20171018114,8.615
20171018124,13.0
20171018134,11.58
20171018144,12.18
20171018154,12.555
20171018164,11.57
20171018174,10.545
20171018184,10.61
20171018194,11.145
20171018204,13.115
20171018214,12.97
20171018224,11.73
20171018234,10.185
20171019004,10.84
20171019014,7.55
20171019024,6.56
20171019034,6.365
20171019044,5.965
20171019054,4.395
20171019064,4.955
20171019074,5.285
20171019084,8.18
20171019094,9.625
20171019104,10.33
20171019114,12.375
20171019124,13.015
20171019134,12.115
20171019144,16.25
20171019154,20.39
20171019164,20.14
20171019174,17.4
20171019184,13.62
20171019194,12.73
20171019204,12.29
20171019214,10.22
20171019224,12.145
20171019234,10.285
20171020004,10.22
20171020014,5.4
20171020024,5.445
20171020034,5.395
20171020044,5.015
20171020054,4.865
20171020064,5.475
20171020074,5.775
20171020084,6.5
20171020094,8.155
20171020104,9.91
20171020114,9.945
20171020124,10.95
20171020134,9.37
20171020144,11.04
20171020154,12.71
20171020164,12.84
20171020174,11.765
20171020184,10.23
20171020194,13.445
20171020204,14.635
20171020214,11.585
20171020224,11.015
20171020234,11.175
20171021004,8.905
20171021014,6.565
20171021024,5.67
20171021034,5.445
20171021044,5.235
20171021054,5.01
20171021064,5.72
20171021074,5.68
20171021084,5.58
20171021094,6.52
20171021104,10.46
20171021114,9.57
20171021124,10.0
20171021134,7.92
20171021144,9.995
20171021154,9.01
20171021164,7.63
20171021174,8.905
20171021184,8.815
20171021194,10.58
20171021204,11.55
20171021214,10.415
20171021224,10.795
20171021234,8.975
20171022004,8.6
20171022014,6.54
20171022024,5.15
20171022034,4.565
20171022044,4.075
20171022054,4.435
20171022064,5.075
20171022074,5.415
20171022084,6.385
20171022094,7.14
20171022104,6.62
20171022114,7.75
20171022124,7.755
20171022134,7.24
20171022144,7.935
20171022154,8.98
20171022164,8.235
20171022174,7.965
20171022184,8.665
20171022194,8.97
20171022204,9.055
20171022214,9.53
20171022224,10.035
20171022234,10.005
20171023004,7.68
20171023014,5.785
20171023024,5.025
20171023034,4.285
20171023044,3.71
20171023054,4.755
20171023064,4.41
20171023074,5.805
20171023084,4.405
20171023094,6.455
20171023104,9.775
20171023114,10.09
20171023124,10.31
20171023134,10.29
20171023144,10.73
20171023154,11.84
20171023164,11.13
20171023174,11.705
20171023184,10.31
20171023194,9.155
20171023204,8.95
20171023214,8.795
20171023224,9.83
20171023234,9.79
20171024004,8.515
20171024014,6.14
20171024024,5.25
20171024034,5.135
20171024044,2.945
20171024054,2.78
20171024064,3.91
20171024074,5.66
20171024084,4.96
20171024094,8.195
20171024104,13.395
20171024114,16.295
20171024124,17.59
20171024134,15.175
20171024144,13.325
20171024154,12.81
20171024164,11.72
20171024174,12.325
20171024184,12.665
20171024194,12.315
20171024204,10.13
20171024214,9.745
20171024224,9.775
20171024234,9.135
20171025004,7.43
20171025014,6.14
20171025024,5.445
20171025034,5.25
20171025044,4.495
20171025054,4.78
20171025064,5.305
20171025074,6.09
20171025084,5.965
20171025094,7.455
20171025104,9.895
20171025114,10.965
20171025124,12.675
20171025134,11.405
20171025144,13.185
20171025154,13.49
20171025164,13.44
20171025174,12.785
20171025184,12.74
20171025194,14.655
20171025204,16.27
20171025214,14.465
20171025224,14.84
20171025234,13.72
20171026004,9.795
20171026014,8.105
20171026024,6.935
20171026034,5.59
20171026044,5.305
20171026054,4.735
20171026064,5.505
20171026074,5.835
20171026084,8.21
20171026094,11.07
20171026104,12.195
20171026114,14.12
20171026124,15.985
20171026134,15.405
20171026144,17.2
20171026154,19.03
20171026164,18.785
20171026174,18.145
20171026184,15.425
20171026194,12.015
20171026204,12.215
20171026214,11.68
20171026224,13.575
20171026234,12.395
20171027004,8.83
20171027014,6.665
20171027024,5.415
20171027034,5.42
20171027044,4.445
20171027054,4.595
20171027064,5.1
20171027074,5.255
20171027084,5.27
20171027094,7.48
20171027104,14.27
20171027114,14.305
20171027124,15.635
20171027134,12.49
20171027144,12.44
20171027154,13.045
20171027164,13.385
20171027174,13.875
20171027184,13.805
20171027194,13.275
20171027204,14.495
20171027214,12.985
20171027224,14.04
20171027234,12.465
20171028004,9.285
20171028014,6.965
20171028024,5.69
20171028034,5.195
20171028044,4.655
20171028054,4.695
20171028064,4.865
20171028074,4.81
20171028084,4.595
20171028094,6.035
20171028104,10.48
20171028114,10.39
20171028124,11.195
20171028134,8.87
20171028144,10.755
20171028154,9.57
20171028164,8.465
20171028174,10.155
20171028184,9.985
20171028194,11.245
20171028204,12.23
20171028214,12.99
20171028224,12.46
20171028234,9.755
20171029004,7.325
20171029014,5.805
20171029024,4.43
20171029034,3.845
20171029044,3.76
20171029054,4.18
20171029064,4.7
20171029074,4.77
20171029084,5.645
20171029094,6.72
20171029104,7.115
20171029114,8.06
20171029124,8.11
20171029134,7.345
20171029144,7.76
20171029154,8.68
20171029164,8.595
20171029174,8.265
20171029184,9.05
20171029194,8.535
20171029204,9.025
20171029214,9.8
20171029224,10.515
20171029234,10.145
20171030004,7.52
20171030014,6.18
20171030024,4.86
20171030034,4.815
20171030044,4.115
20171030054,4.78
20171030064,4.595
20171030074,5.66
20171030084,4.78
20171030094,6.245
20171030104,11.495
20171030114,11.675
20171030124,12.155
20171030134,10.93
20171030144,10.375
20171030154,12.065
20171030164,12.36
20171030174,12.985
20171030184,12.795
20171030194,10.675
20171030204,10.74
20171030214,11.49
20171030224,13.545
20171030234,11.765
20171031004,9.355
20171031014,6.345
20171031024,5.775
20171031034,5.54
20171031044,3.43
20171031054,3.38
20171031064,3.805
20171031074,5.2
20171031084,4.79
20171031094,7.45
20171031104,16.005
20171031114,19.055
20171031124,21.04
20171031134,16.8
20171031144,14.715
20171031154,13.46
20171031164,12.565
20171031174,13.735
20171031184,14.225
20171031194,12.47
20171031204,10.45
20171031214,11.525
20171031224,12.815
20171031234,10.715
